// File: 'Karla-Bold.ttf' (45968 bytes)
// Exported using binary_to_compressed_c.exe -u32 "Karla-Bold.ttf" karla_bold
static const unsigned int karla_bold_compressed_size = 34694;
static const unsigned int karla_bold_compressed_data[34696/4] =
{
    0x0000bc57, 0x00000000, 0x90b30000, 0x00000400, 0x00010025, 0x82100000, 0x00042e04, 0x45444700, 0x1c3d2346, 0x8d00001c, 0x3b15829c, 0x4f5047e6, 0xfdced453, 0x8e0000f7, 
    0x1d000084, 0x55534796, 0x5bab7142, 0xac00003f, 0x072d2382, 0x2f534f2e, 0x5e7d9632, 0x010000ad, 0x2c2f8288, 0x41545360, 0xccd9e554, 0xb300001a, 0x340f824c, 0x616d6344, 
    0x13dd6a70, 0x09000048, 0x04000068, 0x7361677a, 0x20178270, 0x205f8210, 0x38078294, 0x796c6708, 0xf91f6166, 0x110000ed, 0x6b0000b0, 0x61656862, 0xfde82864, 0x204f822f, 
    0x211f820c, 0x10826836, 0x04790e23, 0x200f82fa, 0x280f8244, 0x746d6824, 0xc987d278, 0x820f82e8, 0x80073903, 0x61636f6c, 0xdd8599a0, 0xec0d0000, 0xc2030000, 0x7078616d, 
    0xcf00f001, 0x6f821f82, 0x6e20003c, 0xfc656d61, 0x00559b64, 0x00147d00, 0x70510400, 0x3774736f, 0x00dfe86c, 0x1f828100, 0x702a0c29, 0x68706572, 0x82858c06, 0x82e4203f, 
    0x0007225f, 0x2e058201, 0xaf060102, 0x5ffc8ece, 0x00f53c0f, 0x82d00703, 0xdb002411, 0x83c75db7, 0xcde62b07, 0xe3feb753, 0x69080afe, 0x0f82d607, 0x02000623, 0x30008500, 
    0x07000001, 0x0008fe2a, 0xfec80800, 0x0849fce3, 0x85498469, 0x2105841b, 0x1183e001, 0x63260582, 0x6a000700, 0x1f8e0500, 0x0f820320, 0x51040424, 0x1982bc02, 0x14050024, 
    0x3482b004, 0x07859620, 0x32361382, 0x00004702, 0x04000b02, 0x03030503, 0x00a00300, 0x0040ef00, 0x23825b20, 0x47290284, 0x00474f4f, 0xfb0d00c0, 0x26838602, 0x2021020e, 
    0x83930000, 0xcc03231c, 0x07821205, 0x03002027, 0x00000704, 0x83578204, 0xfa012303, 0x03860000, 0x01302808, 0x023000ae, 0x026c0068, 0x0266001b, 0x045c00eb, 0x066e001a, 
    0x026e0000, 0x0488004a, 0x046e0092, 0x04ba00cc, 0x825e0023, 0x04663a07, 0x025e0024, 0x046200df, 0x041e008c, 0x02ba00de, 0x02b20090, 0x0468ff9e, 0x240b829f, 0x07ba0061, 
    0x822b826a, 0x6c042117, 0xc4202f82, 0xc4240b82, 0x11035e00, 0x24080782, 0x0362001f, 0x04400015, 0x04a600e6, 0x0518000e, 0x041800ec, 0x03200053, 0x030000ef, 0x047200de, 
    0x052c00e3, 0x24278210, 0x055e00f3, 0x2807825d, 0x04b80095, 0x05ba0045, 0x200f824a, 0x2d5b8583, 0x20007703, 0xba001c05, 0xba00dc03, 0x1b82d506, 0xb6009a2c, 0x5e005505, 
    0xb4008904, 0x27825c05, 0x37820720, 0x8200fb28, 0x0c002704, 0x67826405, 0x2400b53c, 0x14006507, 0x42005705, 0x0e009504, 0x9200e904, 0x3e006701, 0x4800d901, 0x03841e02, 
    0x1f033a24, 0x03829200, 0x32044024, 0x03821d00, 0x03829520, 0xf1049f22, 0xc92ee382, 0xba045400, 0xdc047800, 0xa6045a00, 0xef822c00, 0xbe047222, 0xe324cb82, 0x0d053000, 
    0xc424ff82, 0x62056a00, 0x0a286b82, 0xb3043000, 0xd0022c00, 0x03823382, 0x00920425, 0x8224046e, 0x82ff8393, 0x207782d3, 0x8bf384b8, 0x82e62017, 0x231b869b, 0x25006102, 
    0x7f200382, 0x0384c783, 0xbb83b782, 0x82850321, 0x21339843, 0x2b87ccff, 0x0070032d, 0x008a075e, 0x000508b8, 0x9c560386, 0x87e32033, 0x90022333, 0x03823800, 0x90029224, 
    0x0382dfff, 0xf382f620, 0x03837d20, 0x00fd022d, 0x004c0540, 0x00320372, 0x82af0364, 0x00f922df, 0x2007827a, 0x289f8252, 0x00c002ba, 0xff9f02ba, 0x282782f8, 0x0000062e, 
    0x000e036e, 0x2003828e, 0x200f8208, 0x41f38452, 0xd78207f3, 0x97410520, 0x200b8207, 0x25038a04, 0x4800e606, 0xa382f304, 0x0523038a, 0x82ba005d, 0x832c2003, 0x95042303, 
    0x038bb800, 0x004a0523, 0x2003885e, 0x20278283, 0x228382d8, 0x82930061, 0x824c208f, 0x42262003, 0x0321070b, 0x051342dc, 0x25200782, 0x7f837b84, 0x55200387, 0x03854382, 
    0xff063c22, 0x20062b42, 0x864b8207, 0xfb042303, 0x038b8200, 0x82580521, 0x00272383, 0x038a040c, 0x93410520, 0x23078b06, 0x14006507, 0xb782038b, 0x038c0e20, 0x9200e923, 
    0x23038704, 0x046e0092, 0x0621038a, 0x200f82bc, 0x8b8b8223, 0x00cc2303, 0x03830466, 0x07826e20, 0x1b822420, 0x8c23038b, 0x87041e00, 0x00de2603, 0x0090022f, 0x200382ce, 
    0x200382a7, 0x2203825f, 0x432e053a, 0x7f240c83, 0xba006102, 0x94200382, 0x1f240382, 0xba00de04, 0xfd200388, 0x6c200b82, 0x24069b42, 0x0657006c, 0x240b829d, 0x03ba00b0, 
    0x20038411, 0x07a74383, 0x001f0423, 0x20038762, 0x231b8305, 0x03400015, 0x0423038a, 0x8fa600e6, 0xec052103, 0x8705d343, 0xef032307, 0x038c0000, 0x7200de23, 0x25038603, 
    0x62007005, 0x63824005, 0x6e009223, 0x06274304, 0x82550521, 0x2457838b, 0x042c00e9, 0x067f4373, 0x7800a62d, 0x28009904, 0x2400a804, 0x43009a04, 0xc2260d7f, 0xb0046a00, 
    0x03823e00, 0x0382ee20, 0x03826c20, 0x03824620, 0x03823620, 0x03827020, 0x03824e20, 0x03828c20, 0x03823220, 0x44035a22, 0x19304f82, 0x32035400, 0x39037800, 0xea025a00, 
    0x0a032c00, 0x28208f82, 0x792a1782, 0x58033000, 0x2e036200, 0x27a76a00, 0xfe390231, 0x00b407e3, 0x008a0754, 0x007d0854, 0x82d4075a, 0x00c82807, 0x0088085a, 0x82f10772, 
    0x865d204f, 0x8a33206f, 0x8a0b206f, 0x8659206f, 0x20278b6f, 0x8397863a, 0x86272027, 0x2a278697, 0x30002605, 0x88004a02, 0x45000a04, 0x892005ab, 0x6b260782, 0xb0041000, 
    0x0382a601, 0x03827e20, 0x0382b220, 0x07858e20, 0x828a0021, 0x821e2007, 0x824c20f7, 0x82e02003, 0x01de2403, 0x822900b1, 0x823e2013, 0x821b200b, 0x86322007, 0x21238203, 
    0x0b821c01, 0x03836220, 0x002e0229, 0x00080448, 0x82d60348, 0x82ca2003, 0x00dd230b, 0x0382045e, 0x82f90221, 0x8203828b, 0x021a2423, 0x8268ffd6, 0x82482043, 0x05862403, 
    0x8430008d, 0x007f2e03, 0x00090306, 0x00610258, 0x001704ba, 0x2003845b, 0x2e3b8221, 0x047a00b0, 0x042800f3, 0x04a600b8, 0x820e0095, 0x82ab8233, 0x00b02213, 0x200b8240, 
    0x20038224, 0x20038289, 0x28038238, 0xfe39022a, 0x003204e3, 0x087f456e, 0xae003222, 0xb1200b82, 0xa7200382, 0x65200382, 0xb6240382, 0x2c004805, 0x66262b82, 0x2c00cc03, 
    0x6b822005, 0x63826820, 0x0a00ce24, 0x5f82e604, 0x66006424, 0x73844e08, 0x23825e20, 0x6b865620, 0x0782e520, 0x0382fc20, 0x0382fd20, 0x0382bc20, 0xc382ba20, 0x03820c20, 
    0x03820f20, 0x0f820520, 0x03828320, 0x3b428e20, 0x04142606, 0x005e0093, 0x20039400, 0x241792a6, 0x0100002e, 0x20178204, 0x291b8b5c, 0x5e00fa01, 0x5e009502, 0x03828503, 
    0x0b823420, 0x07829820, 0x5f007024, 0x0b827402, 0x5b84bc20, 0x00000224, 0x03820300, 0x03001424, 0x07840100, 0x66040422, 0x92080782, 0x0080008c, 0x000c0006, 0x002f000d, 
    0x00400039, 0x0060005a, 0x007e007a, 0x010701ac, 0x011b0113, 0x01270123, 0x0133012b, 0x013e0137, 0x014d0148, 0x0167015b, 0x0292017e, 0x0237021b, 0x02c702bc, 0x030403dd, 
    0x030c0308, 0x03280312, 0x03a90394, 0x1ec003bc, 0x1e9e1e85, 0x201420f3, 0x201e201a, 0x20262022, 0x203a2030, 0x20702044, 0x20892079, 0x21ac20a8, 0x225e2122, 0x22052202, 
    0x2212220f, 0x221a2215, 0x222b221e, 0x22602248, 0xfbca2565, 0x82ffff02, 0x0d2c0895, 0x30002000, 0x41003a00, 0x61005b00, 0xa0007b00, 0x0a01ae00, 0x1e011601, 0x2a012601, 
    0x36012e01, 0x41013901, 0x50014a01, 0x6a015e01, 0x18208d82, 0xc6288d84, 0x0003d802, 0x0a030603, 0x26208d82, 0x80208d88, 0xf2288d82, 0x18201320, 0x20201c20, 0x39208d84, 
    0x74228d84, 0x8d868020, 0x8d865b20, 0x8d8c1120, 0x8d826420, 0xffff0124, 0x8f82f5ff, 0x00001a24, 0x0382e6ff, 0x0b82ac20, 0xff27029c, 0xfe0000fe, 0x8986fdc0, 0xc2fe3324, 
    0x92fdaffe, 0x6cfd7efd, 0x000069fd, 0x00002be2, 0x1d85f7df, 0xe148e129, 0xe154e187, 0x82f4e00e, 0xe0da2e01, 0xe0f0e0f5, 0xdffbdf73, 0xdfabdfb4, 0x322582a3, 0xdf9adf91, 
    0xdf86df91, 0x0049df65, 0x06fddb00, 0x82010021, 0x828a2037, 0x82a62003, 0x82b02003, 0xb8220803, 0xd600be00, 0x9a018801, 0xae01a401, 0xb201b001, 0xbe01bc01, 0xd601c801, 
    0xf201dc01, 0x00000402, 0x25822a02, 0x2c02002a, 0x38022e02, 0x44024002, 0x03870d83, 0x003c0224, 0x11820200, 0x02440225, 0x874c0248, 0x21079315, 0x158b3402, 0x11825385, 
    0x00045808, 0x0088000c, 0x00540089, 0x0076008c, 0x00450041, 0x008a0046, 0x00050047, 0x00060009, 0x0008008b, 0x00860007, 0x00870049, 0x00770055, 0x008d008f, 0x00910090, 
    0x00570092, 0x008e0093, 0x00950094, 0x016f0103, 0x0156009a, 0x019e019b, 0x00920197, 0x01930178, 0x828b0124, 0x94d209cb, 0x9601dd01, 0x6601ac01, 0x58006701, 0x9101b501, 
    0xde017101, 0x25016501, 0x54018c01, 0x55015301, 0x5c007001, 0x70006300, 0x7d009900, 0xa0009f00, 0x5d00a300, 0x71006400, 0x65007e00, 0x72006600, 0xa7007f00, 0x67009a00, 
    0x73006800, 0x80009b00, 0xbf00a701, 0x6a006900, 0x81007400, 0xc100d700, 0x59000d01, 0x6c005f00, 0x79009600, 0xe200e100, 0x5a00e500, 0x6d006000, 0x82007a00, 0x84008300, 
    0xe9008500, 0x5b009700, 0x6e006100, 0x7b009800, 0x0301a801, 0x62005e00, 0x7c006f00, 0x05011b01, 0x9d001d01, 0x9c00df00, 0x9e00de00, 0xa100e000, 0xa400e300, 0xa200e600, 
    0xa500e400, 0xa600e700, 0xaa00e800, 0xa900ec00, 0xab00eb00, 0xa800ed00, 0xac00ea00, 0xae00ee00, 0xad00f000, 0xaf00ef00, 0xb200f100, 0xb300f400, 0xb100f500, 0xb000f200, 
    0xb400f600, 0xb500f800, 0xb700f900, 0xb600fb00, 0xb800fa00, 0xb900fc00, 0xbb00fd00, 0xba00ff00, 0xbc00fe00, 0xbe000001, 0xbd000201, 0xc0000101, 0xc2000401, 0xc4000601, 
    0xc3000801, 0xc5000701, 0xc7000901, 0xc6000b01, 0xcc000a01, 0xcb001001, 0xca000f01, 0xd0000e01, 0xce001401, 0xd2001201, 0xcf001601, 0xd1001301, 0xd4001501, 0xd8001801, 
    0xd9001c01, 0x1f01db00, 0x2101dd00, 0x2001dc00, 0x0c01c800, 0x1101cd00, 0xda016b00, 0xd801db01, 0xdf01dc01, 0xd9017500, 0xcb01ca01, 0xd201ce01, 0xd001d301, 0xc801c901, 
    0xcc01d101, 0xd600cf01, 0xd3001a01, 0xd5001701, 0xda001901, 0x43001e01, 0x87014400, 0x8a018901, 0x98018801, 0x72019901, 0x4800b301, 0xaa01ab01, 0x01b80000, 0x04b085ff, 
    0x0082008d, 0x87003f21, 0x005c2a01, 0x007e0072, 0x0097008a, 0x0cff82a4, 0x1801d032, 0x85015301, 0xf901bf01, 0x94021f02, 0xd802ba02, 0x25030603, 0x6d033103, 0xc3039403, 
    0x4304fe03, 0xa4046604, 0xef04c804, 0x24050405, 0x6b054305, 0x9d058105, 0x0606d605, 0x45062e06, 0x98065a06, 0xbc06b006, 0xf806d906, 0x2a070907, 0x73074307, 0xdc079307, 
    0x48080608, 0x7e085d08, 0xb8089508, 0xf208d908, 0x18090b09, 0x40092109, 0x7c095e09, 0xb3099b09, 0xd409c009, 0x190a020a, 0x930a500a, 0xe10ab00a, 0x390b270b, 0xe20b9b0b, 
    0x740c330c, 0xb60cae0c, 0xca0cbe0c, 0xe20cd60c, 0xfa0cee0c, 0x120d060d, 0x2a0d1e0d, 0x420d360d, 0x5a0d4e0d, 0x720d660d, 0x8a0d7e0d, 0x9e0d960d, 0xb50daa0d, 0xcc0dc00d, 
    0xe40dd80d, 0xfc0df00d, 0x100e080e, 0xe80e790e, 0xfc0ef00e, 0x130f070f, 0x2b0f1f0f, 0x430f370f, 0x5b0f4f0f, 0x710f660f, 0x870f7c0f, 0xb30f9d0f, 0x0210c90f, 0x2f102010, 
    0x97108910, 0xb710a410, 0xe110ca10, 0x1d11ea10, 0x7a114f11, 0x92118611, 0xaa119e11, 0xc211b611, 0xda11ce11, 0xf211e611, 0x35122912, 0x4d124112, 0x65125912, 0x9c126d12, 
    0xb412a812, 0xcc12c012, 0xe412d812, 0x0e13f012, 0x26131a13, 0x45133a13, 0x5d135113, 0x75136913, 0x99138d13, 0xb113a513, 0xef13e313, 0x3314fb13, 0xa2147814, 0xba14ae14, 
    0xd214c614, 0xea14de14, 0x2915f614, 0x51154515, 0x69155d15, 0x81157515, 0x99158d15, 0xb115a515, 0xc915bd15, 0xe115d515, 0xf915ed15, 0x11160516, 0x29161d16, 0x40163516, 
    0x58164c16, 0xe016d416, 0xf716eb16, 0x0f170317, 0x9d175017, 0xb417a817, 0x1718bf17, 0xb1182318, 0xea18bd18, 0x0119f618, 0x23191519, 0x4c192f19, 0x64195819, 0x7b197019, 
    0x9d199119, 0xb519a919, 0x001af419, 0x421a0b1a, 0xde1aa41a, 0xf51aea1a, 0x0d1b011b, 0x241b181b, 0x7b1b301b, 0xb11ba51b, 0xc91bbd1b, 0xe11bd51b, 0xf81bec1b, 0x101c041c, 
    0x281c1c1c, 0x401c341c, 0x561c4b1c, 0x6e1c621c, 0x851c791c, 0x9d1c911c, 0xad1ca51c, 0x061dc71c, 0x4e1d2a1d, 0x931d7c1d, 0x091ec61d, 0x5b1e261e, 0x771e631e, 0x1e1fd91e, 
    0x6c1f4c1f, 0xe61fa31f, 0x3e200c20, 0x98208420, 0x4121fa20, 0x7e216721, 0xeb21b021, 0x36220622, 0x85227322, 0x1423d722, 0x26231d23, 0x38232f23, 0x4a234123, 0x5c235323, 
    0x6e236523, 0x8e237d23, 0xb0239f23, 0xd223c123, 0xf423e323, 0x31241a24, 0x9e246324, 0xe924b924, 0x38252625, 0xc7258a25, 0x0926f325, 0x82263f26, 0xcd269d26, 0x25271227, 
    0xcd278627, 0xfb27dd27, 0x45283c28, 0x64285b28, 0x99287a28, 0xb328a628, 0x1329d228, 0x64293129, 0x81297329, 0x93298a29, 0xa8299f29, 0xba29b129, 0xf629ed29, 0x112a092a, 
    0x292a1d2a, 0x412a352a, 0x7b2a652a, 0x982a8f2a, 0xf72ad42a, 0xbc2b5b2b, 0x442c182c, 0x842c702c, 0xc42c9e2c, 0x542d032d, 0xca2d922d, 0xf92df12d, 0x9a2e4a2e, 0xe12ed92e, 
    0x422f1b2f, 0x6b2f4a2f, 0xb52f982f, 0xec2fd02f, 0x5d300c30, 0xca306e30, 0x38310431, 0x70314e31, 0x93318b31, 0x5732d731, 0x7c326f32, 0x8c328432, 0xa832a032, 0xd432be32, 
    0xe432dc32, 0xf432ec32, 0x36331f33, 0xb1339033, 0xed33d733, 0x0c34fd33, 0x40342334, 0x69345434, 0xae348234, 0xe834da34, 0x26350735, 0x70354e35, 0x80357835, 0x90358835, 
    0xa1359835, 0xb135a935, 0x04000000, 0xfbff0000, 0x77060704, 0x07000300, 0x1d001200, 0x21530000, 0x11032111, 0x26031121, 0x1627030a, 0x05121200, 0x00121236, 0x030a0637, 
    0xfcf3030a, 0x07040a0d, 0xb8b15b0a, 0x8b84e3c8, 0xf3f90401, 0xf37885fc, 0x8b0401f9, 0xb8c8e384, 0xf96d06b1, 0xf9720698, 0xf97c0684, 0x2901798e, 0x63014e01, 0xe4ad6801, 
    0x52fe37fe, 0x949487fe, 0xae017901, 0xade4c901, 0x9dfe98fe, 0xd7feb2fe, 0x30000100, 0xc201f0fe, 0x0f000e01, 0x2a087782, 0x37363627, 0x34352626, 0x16323336, 0xde061415, 
    0x106642ae, 0x465c4f37, 0xfe7a6559, 0x562158f0, 0x39460b37, 0x557c523c, 0x8300b761, 0xeeff2a39, 0x2a017c01, 0x00000b00, 0x38328777, 0x30262223, 0x6048485c, 0x5c484860, 
    0x5c5c448a, 0x5a594344, 0x00ffff00, 0x2865826c, 0x04a003fe, 0x3c050026, 0x24e78200, 0x027a0006, 0x24178276, 0x01100066, 0x221784b2, 0x84223606, 0x02362217, 0x285b8276, 
    0x02f4015c, 0x00c2028e, 0x29958203, 0x5c152135, 0xf4013202, 0x7583cece, 0xf4016e24, 0x1989ac03, 0x3e036e22, 0x0521198a, 0x21198a94, 0x19852605, 0x88000222, 0xd424a982, 
    0x03002e05, 0x0324e584, 0x22030321, 0x4408e589, 0x00011ac6, 0x5c49631c, 0x6047495c, 0x03b60160, 0xfe88fc78, 0x42455938, 0x45425c5c, 0x02000059, 0xe4ff6e00, 0xe603f203, 
    0x31001300, 0x27610000, 0x23263411, 0x15060622, 0x36363421, 0x16163233, 0x22051115, 0x834e8326, 0x1517220d, 0x081d8326, 0x16141559, 0x36363233, 0x06143335, 0x1e240306, 
    0x54396353, 0x6afefe2d, 0xbc7e8bc7, 0x7df4fd68, 0xb26154a7, 0x468d4f79, 0x54398237, 0x4960586c, 0x4e383566, 0x8601ec99, 0x3f226266, 0x418b6e2d, 0xfd83a851, 0x8e571c96, 
    0x3f7d5c53, 0x128a1418, 0x364a3e14, 0x3060404e, 0x826ab169, 0xffba2d8f, 0x056604e4, 0x0021005c, 0x45000026, 0x33227b83, 0x6f851614, 0x7d843420, 0x23150622, 0x7f829b87, 
    0x11254f08, 0x02071133, 0x5a975baa, 0x38684248, 0x3e3f6c45, 0x663b476d, 0x9d55483f, 0x73c1766c, 0x95fdca77, 0x661c52ec, 0x6e4999cb, 0x5c884c3d, 0x394a8559, 0xca934c6b, 
    0x9ae57d67, 0x1c81e99c, 0x94fb5c05, 0x010000f0, 0xe4ff5e00, 0xe603c203, 0x73862000, 0x1e236184, 0x86071702, 0x84828572, 0x023508f1, 0x81d17a2a, 0x5f7ad181, 0x083a6691, 
    0x455710ee, 0x3b3f6439, 0x525a3d64, 0x1cb65eee, 0xa59ce77f, 0x673d76e5, 0x4006407e, 0x69843f54, 0x57438564, 0x65aa6749, 0x20d98200, 0x20d98266, 0x84d98c12, 0x16162165, 
    0x668cd082, 0x21055941, 0xda822737, 0x20023c08, 0x7377c97a, 0x9e6c76c1, 0x653e4a54, 0x3e6d473b, 0x38456d3e, 0x5b4a4167, 0xee2cd598, 0x9ce9811c, 0x677de59a, 0x6b4c93ca, 
    0x59854a39, 0x3d4c885c, 0xcb99496e, 0x04f01c66, 0x86a4fa6c, 0x82cc20d7, 0x074b41d7, 0x1e2f7184, 0x35210702, 0x2e360721, 0x06222302, 0x85151506, 0x374408dc, 0x02020e33, 
    0x7cce7c24, 0x747dce7b, 0x102467a9, 0xfb015efd, 0x2a0f032e, 0x64483c4d, 0x4a613134, 0xee0d5e45, 0x1cb06f0f, 0xa09be780, 0x9f5d7ae6, 0x1e806ac8, 0x3150602f, 0x5e4e7c48, 
    0x40487e52, 0x518f5e40, 0x6220e783, 0xe42a0482, 0x11006c05, 0x00001500, 0x72841173, 0x49411620, 0x113f0808, 0x15213501, 0x4f8752f2, 0x2e316831, 0x1c193619, 0x82fe2032, 
    0x40043002, 0x0e3f8469, 0x0b09b60a, 0xfb2d3415, 0x9c2e03c4, 0x0400009c, 0x0afe1e00, 0xaa046404, 0x3d002d00, 0x52004900, 0x42410000, 0x3323058d, 0x42062217, 0x34230786, 
    0x85212326, 0x83362015, 0x27178416, 0x15163221, 0x03060614, 0x8409bb42, 0x3227230f, 0x2e823536, 0x01213b84, 0x08998327, 0x06220789, 0xeda73002, 0xac72967e, 0x8b9f6a62, 
    0x30519465, 0x62bafe32, 0x75445fa1, 0x351d3c49, 0x01544422, 0x8ab19b46, 0xbf73a1fd, 0x73bf7272, 0x7474be70, 0x5c5c6ebe, 0x605a5d5d, 0x6cb10161, 0x0c528751, 0x0afe5b57, 
    0x6757955c, 0x424a4071, 0x603c5345, 0x3f2e2436, 0x593d426b, 0x2c174e30, 0x72322821, 0x78bd6976, 0x9c572203, 0x559e6b69, 0x696b9e55, 0x6aa4579c, 0x6666544e, 0x016a4e54, 
    0x83573e7a, 0x003de248, 0x82ba0002, 0x054029ee, 0x0012005c, 0x61000016, 0x42078643, 0x290808ea, 0x33112111, 0x68540311, 0x3e6d4754, 0x74ac5e4e, 0xfc51a178, 0x3802ec7a, 
    0x9d4e6e6c, 0x7cfbbd75, 0xfd81c26b, 0xfa5c05c8, 0x4b8200a4, 0x0000b22d, 0x9005d601, 0x0f000b00, 0x44410000, 0x03200a0d, 0x013a4482, 0x4d4d4544, 0x4e4e4445, 0x7c04ecba, 
    0x4b3f4149, 0x49413f4b, 0xce0384fb, 0x3b8232fc, 0xfe68ff25, 0x84e2010a, 0x8d1b203b, 0x22012a3b, 0x16372726, 0x36323316, 0x27458235, 0x50010614, 0x434f4f43, 0xfe2c4782, 
    0x45854eec, 0x36713304, 0xadec4d49, 0xf92d5289, 0xcc1c228e, 0x64542319, 0xbefb3e04, 0x209282d0, 0x20e38403, 0x22e3827e, 0x82070003, 0x7300219b, 0x03364782, 0x02092101, 
    0xecba0137, 0x01a00120, 0x0120fd40, 0xe04efed8, 0xc983f201, 0x015a0230, 0xfe9cfd70, 0x366a029a, 0x010060fd, 0xd582ba00, 0x3d84a620, 0xba213984, 0x21ee84ec, 0x17820002, 
    0x03ce0627, 0x001200e6, 0x08394128, 0x34231524, 0xbf44023e, 0x11212305, 0xcb441733, 0x41232007, 0x32080757, 0x68e00511, 0x627a6a54, 0x568e6939, 0xf952a177, 0x301aceec, 
    0xa178669e, 0x5468ec51, 0x023e6d47, 0xac6e6c38, 0x83d599ae, 0x81c26b3d, 0xca03c8fd, 0x846161a6, 0x06704109, 0x414efe21, 0x778407b1, 0xb1411720, 0x41172017, 0xce2110b2, 
    0x0eb3411e, 0xc0ca0324, 0x4d82f6fc, 0xe4ff5e24, 0x4d820e04, 0x1d000f22, 0x200b8344, 0x07b74216, 0x0806b842, 0x14150633, 0x85380216, 0xd77e7ed7, 0x7ed58385, 0x468bd57e, 
    0x69793f6d, 0x7b3f6e47, 0xabe3721c, 0x7070e4ae, 0xe3abaee4, 0x8845ce72, 0x459c9a65, 0x9a98678a, 0x245d8200, 0x0426feba, 0x455d8266, 0x43082655, 0x17331101, 0x6ba00211, 
    0x3c564f96, 0x733b3963, 0x476f404c, 0x563c643c, 0x735e9e5e, 0xcf807ecb, 0x2ac2a3fd, 0x8dbb5c1c, 0x41315c41, 0x875d6685, 0x49673648, 0x7a5ec399, 0xe6a2a1e5, 0x0542fe7a, 
    0x4cfbf0a4, 0x5e247582, 0x8e040afe, 0x2d207584, 0x2320d38e, 0x4407cb45, 0xf144057b, 0x26012705, 0x37113526, 0x13821133, 0x02174b08, 0x80cf7724, 0x5e72ca7e, 0x3b58609e, 
    0x6f473c63, 0x3c734b40, 0x2e3d6237, 0xbb01813a, 0x98548ba3, 0x1c333b18, 0xa1a2e67a, 0xc35e7ae5, 0x36674999, 0x665d8748, 0x5c314185, 0x6bbd7c41, 0xae2926fe, 0xf05e039b, 
    0x433ba0fb, 0xff841026, 0x03000030, 0x00dc0304, 0x00130003, 0x33117300, 0x96440311, 0xba29080e, 0x91563aec, 0x152b1859, 0x183c1a04, 0x0335694e, 0x0132fcce, 0x79fabfaa, 
    0x06ec0606, 0x6b924b08, 0x00010000, 0x03e4ff62, 0x20cf82bc, 0x21cd8529, 0x98463327, 0x27272108, 0x3427bb82, 0x16323336, 0x47262317, 0x17210523, 0x05bb4117, 0x24024f08, 
    0x016cc98c, 0x5d6c03da, 0x3b2c4f33, 0x7a72d441, 0xcbbabbdf, 0x5205de03, 0x76554b53, 0x677c70e6, 0x914d1cb8, 0x1e424866, 0x2f292034, 0x86294c14, 0xa3977b5d, 0x3d38307d, 
    0x56234529, 0x4d5c7826, 0x02005689, 0xe4ff4000, 0xcc04de02, 0xc1830f00, 0x82224521, 0x08c5826e, 0x3233142f, 0x06173736, 0x21350106, 0x56020215, 0x72ec558f, 0x222d4623, 
    0x04fe6a38, 0x401c7c02, 0xbe036684, 0x10784afc, 0x1e16a610, 0x9c9c4a03, 0x33478200, 0x04eeffa6, 0x00ce032c, 0x00160003, 0x11334100, 0x11330123, 0x200acf47, 0x08598323, 
    0xec400347, 0xec66fdec, 0x7346525e, 0xa25c4045, 0x62a8686a, 0x32fcce03, 0xacfdce03, 0x8f495f5f, 0x74eab26a, 0x0086a44a, 0x18000100, 0xf6030000, 0x0700ca03, 0x21530000, 
    0x21132313, 0x01182101, 0xe812e810, 0x96fe1001, 0x201982fe, 0x216882fd, 0x298536fc, 0x82d00521, 0x820f2029, 0x82332029, 0x08038429, 0x03230126, 0x18230333, 0xc618d2f6, 
    0xd218c6d6, 0xe8c0feec, 0xeac224c6, 0x20fdca03, 0x52fdac02, 0x36fce202, 0x7cfd8402, 0x20236983, 0x82040000, 0x0b002881, 0x01730000, 0x82132101, 0x0122086a, 0x20030321, 
    0x86fe7a01, 0xe2ee2201, 0x88fe2001, 0xe0fe7801, 0xe401def2, 0xc8feea01, 0x16fe3801, 0x05821cfe, 0x3d83c820, 0x0afe0024, 0x7d82d803, 0x7d821520, 0x23012127, 0x06013313, 
    0x21ea8206, 0xc1413527, 0x37373905, 0x010c0126, 0xf0de2a02, 0xa7398cfe, 0x44834578, 0x2f346737, 0x1e123447, 0x042f8a82, 0x86fbfc02, 0x211f9aac, 0x332022d0, 0x835e3c5b, 
    0x8272204f, 0x826e20f7, 0x8209204f, 0x3520088d, 0x21352101, 0x15210115, 0xfef80172, 0xfefc0208, 0xc0e80118, 0xbebe4c02, 0x00c0b4fd, 0x2c000200, 0xb626b982, 0x07001205, 
    0x2d820a00, 0x7e820120, 0x03210334, 0x2c032113, 0x2801ba01, 0x5af8a801, 0x985c1efe, 0x22826e01, 0x01eefa29, 0x01e8fe18, 0x822e02ca, 0xba00215e, 0x9a203782, 0x12243782, 
    0x24001b00, 0x11313982, 0x16163221, 0x07061415, 0x1415021e, 0x2523020e, 0x05cd4621, 0x82112121, 0x36400819, 0x23263435, 0x960c02ba, 0x6f7b62c6, 0x2b437449, 0xfe89b569, 
    0x711c01de, 0xfe6e6c69, 0x691601e4, 0x05696b6d, 0x5f9c5d12, 0x0f209c6e, 0x3e4f7a50, 0xce416b7e, 0x5d4d4d5b, 0xa8fe2602, 0x5d4d515d, 0x5e34d583, 0x9804e4ff, 0x1e002c05, 
    0x22450000, 0x34350226, 0x32333612, 0x4309ba47, 0x044905ab, 0x92330805, 0x918cfdab, 0xffe3a4ff, 0x881ffc24, 0x538c5763, 0x7f638a49, 0xe87dfc8b, 0x3001a31c, 0x2b01dcd5, 
    0x2eb0dc99, 0xcc657e66, 0x70d09099, 0xcb916987, 0x8402006c, 0x82f420d1, 0x000a34d1, 0x53000015, 0x12043221, 0x04021415, 0x11132123, 0x83363233, 0x08c282c1, 0xc6a40127, 
    0xa6a62a01, 0xfec6d6fe, 0x7eb8ec5c, 0xb76363b7, 0x9f12057e, 0xc5c7dcfe, 0x04a0ddfe, 0x7298fc3c, 0xc47f7dc5, 0x24af8371, 0x030000b8, 0x274f82fa, 0x7300000b, 0x21152111, 
    0xb82f0386, 0xaafd4203, 0xcefd3202, 0x12055602, 0x82aafecc, 0x46ce2002, 0x0321053f, 0x202d82ec, 0x272d8b09, 0xfd3203ba, 0xfd1402ba, 0x26821882, 0xdafdca23, 0x068b4500, 
    0x2c05b62d, 0x27002000, 0x22450000, 0x46350224, 0x0e4a054d, 0x05b5440e, 0x03374b08, 0x21352535, 0x9f940211, 0x5d9700ff, 0xb683e0a6, 0x33f245f7, 0x9e605485, 0x6396535e, 
    0x344d8554, 0x22dda24d, 0x0602dcfe, 0x2d01a81c, 0xb2fc9fc9, 0x38aa9e5d, 0xd2715753, 0x72cc8891, 0xa2638c4b, 0x011c82ee, 0x9606e01e, 0xa58566fd, 0x85c80421, 0x335327d3, 
    0x33112111, 0x05822311, 0xecba2328, 0xecec3602, 0xa782cafd, 0x02e2fd27, 0x02eefa1e, 0x47ab8326, 0x12220715, 0xd5830300, 0xba113322, 0xfa212082, 0x244782ee, 0x02e4ff20, 
    0x234782dc, 0x77000010, 0x4705e542, 0x063e05b6, 0x20262223, 0x56419950, 0xac62ee4e, 0x36a05870, 0x642a2eec, 0xfc7e0366, 0x55be9d82, 0x4782002f, 0x0000ba24, 0x39821005, 
    0x2806a547, 0x11012141, 0x01210137, 0x3d898201, 0x4401a803, 0x02f4a8fc, 0xfed0fe88, 0xeed6fe04, 0xfc1205ee, 0x12420194, 0x600206fd, 0x7784b202, 0x03213d82, 0x333d82bc, 
    0x41000005, 0x21152111, 0x02a60111, 0x05fefc16, 0xcebcfb12, 0xe1851682, 0x821a0621, 0x000f280a, 0x01215300, 0x82210123, 0x823320e1, 0x325f8207, 0x015201ba, 0x6e01146e, 
    0x24ee4601, 0xfe9a6cfe, 0x82ec166e, 0x03e62d61, 0x04eefa1a, 0x038cfc02, 0x0002fc70, 0xb6244182, 0xe0040000, 0x82062341, 0x44112041, 0x232b05c5, 0x020201b6, 0xf0ec124e, 
    0x83268cfd, 0x03622836, 0x03eefa9e, 0x412afcd6, 0xf82606d1, 0x0f002c05, 0xd1411b00, 0x24122207, 0x06804233, 0x080b154a, 0xadaa0233, 0x9696f7fe, 0xaead0901, 0x96960a01, 
    0x9faef6fe, 0x9c9fbbbb, 0x981cbcbc, 0xe4e02e01, 0x97932b01, 0xe3dfd4fe, 0xd695d2fe, 0xf2dae2f0, 0xefe1dbf3, 0x205f8200, 0x209182b4, 0x2091824e, 0x055f460a, 0x24057e4a, 
    0x11112323, 0x05a34333, 0xb4232308, 0xf5dbca01, 0xdcdcdbf5, 0x6e70706e, 0xd81205dc, 0xfed8c4c6, 0x74a60228, 0x00765c5a, 0xfe5e0003, 0x9f850498, 0x2b001f22, 0x1330a191, 
    0x27272622, 0x16161737, 0x37363217, 0x01060615, 0x900ac74a, 0x63e030b1, 0xbc863fa8, 0x274a1d74, 0x2f335d32, 0x9746fe55, 0xb4fe30c1, 0x58ca606a, 0x02222ab4, 0x13f41519, 
    0x89220211, 0x000322d1, 0x20d182ba, 0x26d184ac, 0x0017000e, 0x88117300, 0x012124d3, 0x87010133, 0xba3308d7, 0xf9e9e001, 0x01f4e9f9, 0xfca8fed2, 0xfafc9001, 0x7a8682dc, 
    0x1205f476, 0xd9b1b4da, 0x600206fe, 0x9802a0fd, 0x77615f77, 0x00010000, 0x04e4ff82, 0x852c0578, 0x262622e1, 0x0ad94d27, 0x47252721, 0x51081040, 0x16051716, 0x06141516, 
    0x877e0206, 0xe8058de3, 0x484b7d4a, 0x574f4171, 0xa09600ff, 0xeedae0fa, 0x720de810, 0x49746471, 0x901c014d, 0x1ce2769a, 0x4b94c05e, 0x47262f60, 0x1f4a4131, 0x899c3b66, 
    0xb5cbc49e, 0x3f535d4d, 0x6e1d3f36, 0x7580aa38, 0x83835eab, 0xd7820c20, 0x05441c20, 0x35533b05, 0x37211521, 0x17112311, 0xfe10040c, 0x35ec3539, 0xcccc4604, 0x0484fb36, 
    0xad82367c, 0xad82a620, 0x2982c220, 0x00001323, 0x06234753, 0x08094243, 0xa6352621, 0x807fa3ec, 0xeb7eeca2, 0x7eeba5a5, 0xd8fc1205, 0xa08e8ea0, 0xd8fc2803, 0x7a7ae8a4, 
    0x8200a4e8, 0x82242041, 0x8292206b, 0x00072741, 0x33014100, 0x03822301, 0x014e0236, 0x42fef84c, 0xfa48fef8, 0x02014801, 0xeefa1004, 0xf0fb1205, 0x14242d83, 0x50070000, 
    0x830a1743, 0x47212030, 0x142f0521, 0x3a010801, 0xa036013c, 0x01364201, 0x830a014a, 0xfe162240, 0x2c3982f8, 0xfcec03be, 0xfa320424, 0xfdfe02ee, 0x24458302, 0x05000042, 
    0x051b4312, 0x01017323, 0x26028721, 0xfeca0144, 0x82220134, 0x011c3c73, 0x014afe1e, 0xfed8fee2, 0x02cefeaa, 0xfe8c0286, 0xfdd4012c, 0x0176fd78, 0x8332fece, 0x820e2041, 
    0x418620b5, 0x7f820621, 0x113b4382, 0x010e1123, 0x2e360118, 0x16014201, 0x05ec32fe, 0x02d2fd12, 0xfd06fd2e, 0x831802e8, 0x82922031, 0x86682031, 0x354e0873, 0x35251501, 
    0x27011521, 0x02921505, 0x030efdf2, 0x063cfdd6, 0x03ccca02, 0xd80256c2, 0x1e74fcca, 0x0100d802, 0x6e033e00, 0x4a052a01, 0x00000300, 0x23033353, 0xae20ec3e, 0x24fe4a05, 
    0x4800ffff, 0xda010003, 0x07041e05, 0x18000500, 0x2b821004, 0xf6024822, 0x18221182, 0xfd4d1000, 0x37280808, 0x07060617, 0x14151616, 0x39060106, 0x6a842f56, 0x146442a4, 
    0x025b4f39, 0x3a623cf6, 0x5c36b262, 0x0839561f, 0x563c3945, 0x3a203d82, 0xca213d82, 0x203d8405, 0x0b015253, 0xde373d83, 0x126642a4, 0x455f4d3b, 0x832c533b, 0x205cf602, 
    0x47093856, 0x82513f38, 0xaf632145, 0x92283b82, 0xde0214ff, 0x0e00e405, 0x2c087982, 0x15020e17, 0x07171214, 0x34350226, 0xaa340212, 0xac4c9973, 0xcbd7aaac, 0x7ce405cb, 
    0x89fbf078, 0xb397fecc, 0xb601bf80, 0xb601f5f3, 0x203b8200, 0x203b8240, 0x083b828e, 0x00000f32, 0x12362757, 0x26263435, 0x12163727, 0x02021415, 0xadadacec, 0xac739a4d, 
    0xba5acdd5, 0x01b380ec, 0xfb89cc69, 0xbd7c78f0, 0xa2f54afe, 0xe8fed1fe, 0x1d283d82, 0x15041900, 0x0b00ef03, 0x20087982, 0x15211133, 0x11231121, 0x01213521, 0x8601eca3, 
    0xfeec7afe, 0x0386017a, 0xce7cfeef, 0x84017cfe, 0x272f82ce, 0x039a0195, 0x006a029d, 0x31065152, 0x01080395, 0x00d0d09a, 0x9f000200, 0x9303bf00, 0x19823203, 0x00000727, 
    0x15213553, 0x2e038201, 0xfdf4029f, 0x02f4020c, 0xfecfcf63, 0x46cece5c, 0x942007f3, 0x84092145, 0x333622e6, 0x20b18432, 0x0c214506, 0xf3a07a27, 0xa0f38989, 0x0805839e, 
    0x9a8c9e22, 0x9b8d8c9a, 0x01941c9b, 0x01e5e42c, 0xfe93932c, 0xfee4e5d4, 0xedd894d4, 0xefefdfdf, 0x00eddfdf, 0x54209d82, 0x0e246082, 0x0a001a05, 0x233bcd84, 0x23060611, 
    0x01363635, 0x35ecb25c, 0x80443366, 0xe6fa1a05, 0x1a180004, 0x833107e2, 0x0078242d, 0x82520400, 0x00232b89, 0x34357300, 0x25373636, 0xb54f3636, 0x21072105, 0x0806d44d, 
    0x06061446, 0x06060507, 0x15211515, 0x63834278, 0x53570a01, 0x8361656d, 0x03fafe0a, 0x838bde84, 0x94497dd4, 0x4ef4fe71, 0xdee60246, 0x2669986d, 0x4b662366, 0x5d61674b, 
    0x6357b085, 0x986476b1, 0x1e682c72, 0xd8263b49, 0x5a246d83, 0x7604e4ff, 0x2f2a6d82, 0x22450000, 0x3335022e, 0xdb44021e, 0x23262305, 0x09853523, 0x06222324, 0x79882307, 
    0x08057842, 0x7202064c, 0x5998c067, 0x7f4a04f8, 0x388a7a53, 0x92ac5a74, 0x70708272, 0xf8148f5b, 0x85d4850e, 0x6c7fdc8d, 0x818e766a, 0x6e381ce8, 0x63446ba3, 0x38567035, 
    0x62ba2b51, 0x4a654b54, 0x4fa8855c, 0x636ba35c, 0x9e282493, 0x64b17376, 0x234a0000, 0x8a360805, 0x0a002005, 0x00000d00, 0x33113341, 0x23112315, 0x01352111, 0xc4022101, 
    0xeae2e2e4, 0x9e026efd, 0x86017afe, 0xcafc2005, 0x01e0feca, 0xf001b220, 0x010010fe, 0xbf827200, 0x12053c22, 0x2406b349, 0x14332726, 0x29b58416, 0x21132121, 0x03372115, 
    0xef543627, 0x06350806, 0xd68c5202, 0x8af0037b, 0xfe8b6d66, 0x3c74fef4, 0xb4fd0a03, 0x3014262e, 0xefc93084, 0x611cdc7a, 0x646485ba, 0x02c8678d, 0xfe44d89a, 0x0b0b167e, 
    0xd181b5c3, 0x209b827a, 0x2661825e, 0x002c055c, 0x4a2e0021, 0xea4c0c17, 0x15022406, 0x41171614, 0x2a42081d, 0x82062009, 0x024d0817, 0x8bf8a384, 0x81a9fd8c, 0xfc0572c6, 
    0x9a555a0b, 0x100503b4, 0x7a559a6d, 0xd5776aba, 0x86865e8c, 0x3d653e5e, 0x01aa1c83, 0x01dfbd27, 0xac5fa338, 0xfe5a4e73, 0x461ee9f1, 0x3b8c7b20, 0x7b78ba6a, 0x71d867ba, 
    0x346f615d, 0x715d3e5e, 0x24ed8200, 0x03000030, 0x23ed82c0, 0x73000006, 0x2e05764b, 0xfd520258, 0xfd900386, 0xe42e04d6, 0x4dd0fbe2, 0x042105a5, 0x20af82ac, 0x0c734e45, 
    0x22151723, 0x41928306, 0x2627051d, 0x022e2527, 0x54363435, 0x142005e3, 0x4a060c4c, 0x29850784, 0x08087e46, 0xf6a78677, 0x6aaa6287, 0x5530482a, 0x8a524b84, 0x49969c54, 
    0x438efe41, 0xe177608b, 0x86e48ea0, 0x266e9c52, 0x71422a40, 0x4d754245, 0x44457649, 0x8f7e0140, 0x1cf68199, 0x5c6cab63, 0x0c0e4682, 0x3254323a, 0x512d533a, 0x1947323f, 
    0x8a5c1a8e, 0x579f6c5e, 0x4b6ca860, 0x0d0d4f80, 0x344d2b44, 0x272b4e35, 0x3f312b44, 0x9137941a, 0x60a86c82, 0x00020000, 0x04e4ff6a, 0x21c38266, 0xf1820023, 0x26224524, 
    0x6b4e3526, 0x020e220a, 0x08d75223, 0x15021e26, 0x03060214, 0x2321b985, 0x08e18322, 0x8652025f, 0x04f67ed6, 0x866d5d7b, 0x1305033d, 0x7958976a, 0xd3776ab9, 0x96c9748a, 
    0xc4ec7655, 0x873e673d, 0x84835d5d, 0x7ab9691c, 0xe27d6a5a, 0x1f391e97, 0x693d876e, 0xba7c78b9, 0xf0ad5e66, 0xc6fed593, 0x34d402ab, 0x70603c5c, 0x6c606070, 0x82000300, 
    0xe00436ff, 0x1a00c205, 0x34001e00, 0x06274300, 0x2f099555, 0x05352727, 0x14151616, 0x11050606, 0x27031133, 0x3422ad82, 0x0a4f2124, 0x1676080a, 0xc4021717, 0x5da1d173, 
    0x72a054e8, 0x4b37745b, 0x00018e47, 0xef739496, 0x7aa8e0fe, 0x01b6a892, 0xef01010d, 0x0fea1ef9, 0x86848091, 0x1c6a4541, 0x70a56934, 0x2c2c604e, 0x54392d4b, 0x5acc3619, 
    0x5e80a034, 0x06ae6dab, 0x0374f98c, 0x9e393202, 0xcfc49e89, 0x5a694db1, 0x19413446, 0x0200002c, 0xe4ff3000, 0x2c05ca03, 0x2b001f00, 0x35410000, 0x37363634, 0x3444023e, 
    0x41232006, 0x072408e5, 0x1515020e, 0x080b1d57, 0x295e014a, 0x463f4857, 0x6958661b, 0x0bf60871, 0xce8ed8eb, 0x416f6970, 0x49701e49, 0x49485b5b, 0x84016060, 0x4d705750, 
    0x3a372024, 0x5d533f27, 0x60d2ae4d, 0x906866a4, 0x453a2138, 0x60fe3a34, 0x5b44415a, 0x5a42435b, 0x00030000, 0x04218682, 0x2b81826a, 0x00200016, 0x77000024, 0x35363235, 
    0x5007fb54, 0x5d080612, 0x05061411, 0x36322135, 0x06062137, 0x21350123, 0x3c4a6c15, 0xa57bb766, 0x09e818c3, 0x5e4e3e51, 0x02eefea0, 0x0a57637a, 0xcb040001, 0x02a4fdf3, 
    0x564490e8, 0x90f60158, 0xaeb062c2, 0x726c4642, 0x7e841afe, 0x4f4dd490, 0x3202c2ae, 0xffff9e9e, 0x5d045e00, 0x2e067102, 0xca010604, 0x0f860000, 0x0f847220, 0x0f84cb20, 
    0xe4ff6e2e, 0x2e06f203, 0x0d002606, 0x07000000, 0xdf202582, 0x5e201784, 0xcc201782, 0x11201784, 0xa9201786, 0x04211787, 0x2017840e, 0x2017861b, 0x261784cd, 0x0400002c, 
    0x827407b6, 0x85272047, 0x15012717, 0xffff4601, 0xf882b800, 0x1784fa20, 0x17852b20, 0x84e10021, 0xffa62417, 0x842c04ee, 0x85212047, 0x1a012117, 0x2b208f8a, 0xcb258f88, 
    0xfdff3901, 0x84c782ff, 0x8517838f, 0x01cb228f, 0x82178703, 0x8517838f, 0x01cb228f, 0x85178427, 0x8517835f, 0x01cb225f, 0x85178473, 0x887120a7, 0x01cb24a7, 0x8843016e, 
    0x851783a7, 0x01cb22a7, 0x2417843b, 0x02000025, 0x20bf8438, 0x21a7852f, 0xbf84c7ff, 0x17827f20, 0x83079321, 0x2217852f, 0x842100cb, 0xff5e242f, 0x84f804e4, 0x8535202f, 
    0x4501212f, 0x17852f84, 0x17852f83, 0x9f01cb22, 0xa6202f84, 0xc2202f82, 0x3b202f84, 0x49202f86, 0x17852f84, 0x17852f83, 0xa201cb22, 0x5e2a2f84, 0x27035504, 0x0604f405, 
    0x2f41ce01, 0xec052109, 0x24082f41, 0xff8600ce, 0x072f41f8, 0x11201784, 0x2d825782, 0x15865020, 0x840e0421, 0x851b2015, 0x83742015, 0xffa62415, 0x842c04ee, 0x052b4115, 
    0xc000ce22, 0x2b414384, 0x41322005, 0xce24082b, 0x3e01bb00, 0x83082b41, 0x052b4117, 0x8800ce22, 0xff261783, 0x020000cc, 0x17830795, 0x22051341, 0x846effce, 0x83fb852f, 
    0x22fb8517, 0x84ec00ce, 0x83e38517, 0x22e38517, 0x84ef00ce, 0x045e2617, 0x05120368, 0x21e382a1, 0x528230d2, 0xffb80032, 0x051e07e4, 0x002b0028, 0x45000046, 0x01272622, 
    0x26086e5a, 0x06141516, 0x43270706, 0x153607c8, 0x01171614, 0x32331616, 0x06333736, 0x2e222106, 0x36343502, 0xd5451737, 0x023e2107, 0x7f080b82, 0x05060602, 0x5fa861e8, 
    0x513f86fd, 0x878cc466, 0xb05866bf, 0x735a7c84, 0x574b5d37, 0x02302e5b, 0x2e3f2566, 0xd6034530, 0x50fc9a04, 0x5394c26f, 0x994cdffb, 0x587c4289, 0x84a1be70, 0x9f369e33, 
    0x551cf7cc, 0x393e0257, 0x8f585194, 0x568e5455, 0x2c718f5a, 0x54492374, 0x554e3c34, 0x2c522e3d, 0x211fd6fd, 0xc1a34e46, 0x55916c3c, 0x8012a09a, 0x3750610d, 0x9f593659, 
    0xa0587fd7, 0x67bef9fe, 0x8630d183, 0xa0074efe, 0x3c002c05, 0x00004a00, 0x24242241, 0x122ca782, 0x32332424, 0x15121604, 0x23020e14, 0x2722e482, 0xc3450606, 0x023e2505, 
    0x15163233, 0x2d078153, 0x23242634, 0x02060422, 0x04121415, 0xe8820333, 0x2005c244, 0x08fa8206, 0xe4720492, 0xf7fe8ffe, 0x0801948e, 0xc1cf6401, 0x76dd3701, 0x5bad8b52, 
    0x0c127a5b, 0x5d617422, 0x874c5c9c, 0x9b8661ad, 0x702e2323, 0xf6fe8a50, 0xeefea6bf, 0x01b26cc7, 0x4679f656, 0x3d2e285b, 0x61527a3b, 0xea824efe, 0xc1bc3d01, 0x84f04401, 
    0xf1fecc71, 0x91d2879c, 0x203d474c, 0xaa5f6044, 0x86b16570, 0xfe9f9f4d, 0x522f37fa, 0xf29b80a8, 0xfec06b8b, 0xfebd97ff, 0xbe01a6dc, 0x3ec84b51, 0x5b894c4c, 0xffff5e60, 
    0x76045e00, 0x8105f802, 0xc8010604, 0x200aa342, 0x08a34281, 0x9d00c822, 0x5e251784, 0xcc03e4ff, 0x42178305, 0xc82205a3, 0xb9420067, 0x0e042105, 0xd1431584, 0x00c82205, 
    0x422d848b, 0x2d8305a5, 0x2205a542, 0x44d800c8, 0x06210979, 0x08a542c7, 0xd300c822, 0x84097944, 0x05a54217, 0x9f00c822, 0xff251783, 0x020000e3, 0x4217847d, 0xc82205a5, 
    0xa14385ff, 0x42178409, 0xc82205a5, 0x89430301, 0x42178409, 0xc82205a5, 0x17840701, 0x47823820, 0x2e064b22, 0xf2277782, 0x06000000, 0x83daca01, 0x829220bd, 0x06a62215, 
    0x2615882b, 0xfffd34cb, 0x82dfffff, 0x05a82215, 0x221588ec, 0x82f881ce, 0x82f62015, 0x84902015, 0x344185e9, 0x000098c8, 0x007d0001, 0x04b60338, 0x000700d2, 0x01174100, 
    0x366d8235, 0x9d190335, 0x8f0271fd, 0x0464fd9d, 0x34feb4d2, 0xb436fe64, 0x86d4e201, 0x85b5202b, 0x2765252b, 0x37011501, 0x19330382, 0xfd8c029c, 0x9c029c74, 0xca01b438, 
    0xb4cc0164, 0x82d41cfe, 0x40002968, 0xbe028003, 0x03005c05, 0x03235984, 0x82210333, 0xf0012603, 0xfd20ec1e, 0x250482c0, 0xdc018003, 0x038324fe, 0x00020034, 0x04420072, 
    0x00bc04f2, 0x001f001b, 0x23136500, 0x03843337, 0x13253382, 0x07330333, 0x08038423, 0x21132320, 0x13211303, 0x1c0e0121, 0x22ba0eb8, 0x1cba10ba, 0x10011cde, 0xba1adc1c, 
    0xbc20bc10, 0x0e82bc10, 0x1cf0fe33, 0x2210012c, 0x0142f0fe, 0x3c019a06, 0xfe04019a, 0x270383fc, 0x9ac4fe9a, 0x0601fafe, 0xa0220382, 0xc9823c01, 0x03643808, 0x05d80218, 
    0x000e0080, 0x27375300, 0x33271737, 0x07173707, 0x07270717, 0x3cdeac96, 0x18a018c6, 0xacda3cc6, 0x03989476, 0x8c4aa27e, 0x68eeee64, 0x66a44a8e, 0x8200caca, 0xff6a263b, 
    0x055e0360, 0x3ad982d2, 0x33015700, 0x02026a01, 0xa0fafdf2, 0x8ef97206, 0x00050000, 0x05eaff7a, 0x822c0592, 0x8213201d, 0x002f25cd, 0x7300003b, 0xb35e2582, 0x11f75b0a, 
    0x48083b49, 0xdb4c05b3, 0x03d43c0b, 0x92fcee70, 0x7c48ba02, 0x487c4c4c, 0x4c4c7e4a, 0x362c4a7e, 0x352b2c36, 0x8b37fd35, 0x372b2314, 0x14822b37, 0xfa12052a, 0x874316ee, 
    0x43876666, 0x982a0585, 0x47535444, 0x44545347, 0x10824c02, 0x43866525, 0x82658643, 0x4696281c, 0x45455354, 0x83465453, 0x825220d1, 0x854620d1, 0x33532ad1, 0xee522301, 
    0x05f20602, 0x28cf83d2, 0xffba0001, 0x06a6010c, 0x29ed8404, 0xba113311, 0xf806f4ec, 0x358308f9, 0xe6feba2c, 0x2c06a802, 0x00000700, 0xeb541153, 0x01ba2e05, 0x01fefeee, 
    0x07e6fe02, 0x66fad646, 0x252582d6, 0xe6fef8ff, 0x2585e601, 0x35214124, 0x03821121, 0xfee60123, 0x20248212, 0x2e2c82fe, 0x9a05d6e6, 0x000100d6, 0x04b4012e, 0x84b60404, 
    0x3301234b, 0x03822101, 0x012e2908, 0x8c01be8c, 0xecfefcfe, 0x01ecfe5a, 0xfc0203b4, 0xfd4e02fe, 0xffff00b2, 0x00006e00, 0xce009405, 0x0b000706, 0x0cfe0000, 0x8e293f82, 
    0x0603c8fe, 0x23003406, 0x058f5d00, 0x4d343521, 0x352f072c, 0x33363634, 0x15062215, 0x07061415, 0x82161615, 0x16340807, 0xb6060333, 0x271b6ae4, 0x1b273232, 0x93b6e46a, 
    0x39394b87, 0xfe93874b, 0x93e382c8, 0xee3f53b6, 0x93b8543e, 0x8ed480e1, 0x7b60c096, 0x7b1d0a1d, 0x8e96c060, 0x0025cb82, 0x02c8fe08, 0x24658580, 0x36323553, 0x235b8235, 
    0x26263537, 0x26230782, 0x86323523, 0x1533225b, 0x216d8523, 0x58870806, 0x6be3b622, 0x6b246c85, 0xd6c8fee3, 0xd42d568c, 0xb893e180, 0x3fee3e54, 0xe393b653, 0x2bc98282, 
    0x03980152, 0x00f602e1, 0x53000019, 0x2005294d, 0x05614617, 0x06061728, 0x27262223, 0x5e822626, 0x7ed02f08, 0x2c627b23, 0x50494963, 0x1843271e, 0x5d8c297e, 0x494a6221, 
    0x40271e4a, 0x81449801, 0x1d1c1c97, 0x50363817, 0x1e1a7f7f, 0x00381919, 0x5361ffff, 0x9c052105, 0x24081345, 0xffc000d2, 0x5d1782fb, 0xa32005e3, 0x1a2a1782, 0x07000000, 
    0xf500d201, 0x15450200, 0x452f8308, 0xd2220515, 0x2f84ae00, 0x00002c26, 0xe206b604, 0x2408fd44, 0x01f600d2, 0x202f8241, 0x201782b6, 0x201784e0, 0x21478534, 0x17844501, 
    0xe4ff5e24, 0x1784f804, 0x2205e544, 0x842601d2, 0x21478417, 0x47880707, 0xe400d024, 0x47824601, 0x06211784, 0x22178897, 0x852100d3, 0x74fe2517, 0x12052a05, 0xd7241788, 
    0x2900cc02, 0x07212f87, 0x3b178856, 0x003301d1, 0x00020063, 0x06000048, 0x0012054b, 0x001d0015, 0x21154100, 0x21271137, 0x11380587, 0x03372117, 0x07010123, 0x37231711, 
    0x4b062701, 0x2828b2fd, 0xd7fd2902, 0x32080582, 0x28eefc4e, 0x8f72f9fd, 0x010702f5, 0xa8282812, 0x42c7fe5d, 0x24cc1205, 0xcc5a28fe, 0x6a03fe42, 0x526a01cf, 0x059bfe4d, 
    0x42b8fc12, 0x5921df02, 0x4139f2fc, 0x9822062d, 0x85827107, 0xfd842920, 0x7601cb22, 0x22089d49, 0x88410798, 0x00cf2217, 0x26cd84cb, 0x0457fe5e, 0x882c0598, 0x01d62217, 
    0x08ed4a76, 0xf7069822, 0xc9221788, 0x2f848b01, 0x0000ba24, 0x4784f404, 0x5f842a20, 0xf400cf22, 0x26082d41, 0x061205f4, 0x82a70006, 0x00032217, 0x8227832c, 0x000327f5, 
    0x0019000e, 0xf2825300, 0xd3581320, 0x022c2514, 0x8e87fd79, 0x2413d858, 0x02ccef02, 0x12db58ef, 0x83088749, 0x05e146cd, 0x9000cf22, 0x830af946, 0x221785b5, 0x8a4f01c9, 
    0x82972017, 0x221785cd, 0x85edffd3, 0x74fe2317, 0xb5825b04, 0x85002621, 0x01d72417, 0x412900fd, 0xb6220645, 0x2f820707, 0xe5842d20, 0x0b01d022, 0x5e262f84, 0xb6043ffe, 
    0x17882c05, 0xab01d522, 0x21082d41, 0x778306b6, 0xc9242f85, 0x4601aa01, 0x2a06d359, 0x001205c8, 0x000f000b, 0x58117300, 0x032409b2, 0xba152135, 0x0806b558, 0x9c03a521, 
    0xa4fd1205, 0xeefa5c02, 0x19fee701, 0xacac4a03, 0x00ffff00, 0x05e4ffba, 0x0412053d, 0x832f0026, 0x30002383, 0x6b846102, 0x00009324, 0x6b84d101, 0x01231784, 0x843500c9, 
    0x004c266b, 0x06140200, 0x05e54697, 0x01326b83, 0xba211521, 0x01a6feec, 0x0538fec8, 0x06eefa12, 0x5783c197, 0x74fe2624, 0xf3842602, 0x06233f83, 0x83c8d701, 0xfeba24f1, 
    0x8410053f, 0x84312015, 0x01d522f1, 0x2a6d8494, 0x030000ba, 0x067107bc, 0x84320026, 0x00cb2417, 0x434301f9, 0x172006ad, 0x17852f84, 0x6402cd24, 0x1783a0ff, 0x033ffe23, 
    0x22178abc, 0x82f400d5, 0x00022237, 0x21478325, 0x9d821205, 0x00000928, 0x17252753, 0x9e821103, 0x24491136, 0xc5242202, 0xfefc1602, 0x5bca7402, 0xfb4302ca, 0x1205cebc, 
    0x8407c543, 0x05c54377, 0xbd01cb22, 0xb6267784, 0xe0040000, 0x8f824107, 0xcf241785, 0x46011201, 0xfe232f83, 0x84e0043f, 0x22178577, 0x84d301d5, 0xfeb62277, 0x5817830a, 
    0x412205db, 0xa5612622, 0x03272606, 0x06141133, 0x051f5901, 0x01072208, 0x03231133, 0x45854f98, 0x36713305, 0x08015749, 0x83fcadeb, 0x4e020201, 0xfc53ec12, 0xfeec26ef, 
    0x06ad610a, 0xfc0b0332, 0x07b2d0f1, 0x0362fc08, 0xf0eefa9e, 0x2afcc604, 0x22062d42, 0x821007f8, 0x05594493, 0x7d01cc22, 0x200a5749, 0x2c178897, 0x015100d3, 0x00030046, 
    0x05e4ff3c, 0x08974700, 0x4b069347, 0x75590508, 0x3c220813, 0xfcc7fd03, 0xadaa0100, 0x9595f6fe, 0xaead0a01, 0x95950a01, 0x9faef6fe, 0x9c9fbaba, 0x1305bcbc, 0x7f59edfa, 
    0xff5e241d, 0x826406e4, 0x581b206f, 0xbb5c065b, 0x052a640e, 0x06173725, 0x44113706, 0x28080899, 0x21271137, 0xa28c0215, 0xfc9090fc, 0x37c77fa1, 0x3c7b3089, 0x9eacac9a, 
    0x8238753d, 0x026ac637, 0x2ec8fdef, 0xfd14022e, 0x080582ec, 0x991c3826, 0xe2e12f01, 0x4e942901, 0x1e197647, 0xf2dadef4, 0x31971b20, 0x12051c49, 0x3ffe36cc, 0xfe35cc35, 
    0x00ce3540, 0x270a095a, 0x0019000e, 0x33117300, 0x32286482, 0x06141516, 0x11372123, 0x36230b83, 0x82263435, 0xeeb42b0b, 0xdb120136, 0xfedbf5f5, 0x098236ee, 0x70706e23, 
    0x3309826e, 0xf9fe1205, 0xc4c6d835, 0xc5fe35d8, 0x74359f01, 0x36765c5a, 0x26068942, 0x067107ac, 0x42380026, 0x012105a1, 0x08a14274, 0x4107ac22, 0xcf241788, 0x4601c900, 
    0x2305a142, 0x1205ac04, 0xd52c1788, 0x00008a01, 0x8200ffff, 0x7804e4ff, 0x39204784, 0x1f4f4786, 0x83178505, 0x22178547, 0x84c300cf, 0xfe822647, 0x05780457, 0x8547822c, 
    0x01d62217, 0x2147855d, 0x178c3ffe, 0x002e5f84, 0xffb80001, 0x051005e4, 0x00200012, 0xab5e4100, 0x0b645f05, 0x4408f882, 0x35232326, 0x23112113, 0x03152111, 0x69a9639b, 
    0x466bb974, 0x5f414764, 0x2c563f34, 0x796c6f27, 0xec13fef0, 0xd402cf03, 0x7e78a353, 0x1a1158ac, 0x351814b5, 0x62352f56, 0x94018a3f, 0x1205bafb, 0x020000bd, 0x07c15900, 
    0x0d000323, 0x08d15600, 0x2405c759, 0xfcd202aa, 0x06cb5990, 0xca050225, 0x594102ca, 0xff2107cf, 0x203785ff, 0x20e58307, 0x22fd843a, 0x845900cf, 0xfe0c26e5, 0x051c0460, 
    0x85e58212, 0x00d62417, 0x830900b3, 0x48fe212f, 0xd522178c, 0x1784e100, 0x2005d94e, 0x4c2f8207, 0xd0220533, 0x47841801, 0x10201785, 0xcc221788, 0x17898001, 0x88970621, 
    0x00d32217, 0x23178555, 0xc20474fe, 0x47857784, 0xa001d724, 0x77822900, 0x56204785, 0xd1242f88, 0x63006701, 0x14261782, 0x50070000, 0x17827907, 0xbf843d20, 0x9f02cb24, 
    0x17884b01, 0x17883a20, 0xec01ce22, 0x2f845f84, 0x88cf0621, 0x02c82417, 0x884e0104, 0x887c202f, 0x02ca2217, 0x26178446, 0x0400000e, 0x82710786, 0x853f2017, 0x0625515f, 
    0x32201785, 0x11501788, 0x84002006, 0xc7062117, 0xc8221788, 0x7784a000, 0x07211784, 0x22178874, 0x84e200ca, 0x82922017, 0x8468205f, 0x8640205f, 0x0180225f, 0x858f8243, 
    0x82412017, 0x2217852f, 0x89d500cf, 0xf706212f, 0xc9221788, 0x17849501, 0xe4ff6e26, 0xc105f203, 0x22085d49, 0x4eae00d0, 0x51200a89, 0x062e1786, 0x00ebd301, 0x6e00ffff, 
    0x730474fe, 0x2d88e603, 0x1502d724, 0xa3492900, 0x10062107, 0xd1271788, 0x1dfffe00, 0x82000300, 0x6506215d, 0x23060f6b, 0x41000058, 0x21083266, 0x47543421, 0x01152106, 
    0x6b09414c, 0x21201211, 0x67691d88, 0x03350819, 0x5d571e17, 0xfe2b4f35, 0x6bb069fe, 0xfe58b287, 0x56a57737, 0x4a72ad5f, 0x89364593, 0x52684e2f, 0x38684b52, 0x02c06298, 
    0x77d08559, 0x6f83cd77, 0x112666a7, 0x058f69fd, 0x3c4d2b35, 0x30346447, 0x5f424b62, 0x720eef0d, 0x012e01ac, 0x6b656344, 0x2308055a, 0x8b82b963, 0x8e5427fe, 0x3f7d5c56, 
    0x128a1319, 0x39453f14, 0x335f3e4f, 0x8774b25e, 0xe69493eb, 0xc79f5e83, 0x240db569, 0x8f5e423e, 0x06994f51, 0x06c20327, 0x0026062b, 0x069d410f, 0x9b531a20, 0x05c22208, 
    0x231786fb, 0x6fcf0106, 0xfe252d84, 0x03c20359, 0x222d88e6, 0x4a0001d6, 0x032307c9, 0x88b105c2, 0x01c92317, 0x2f83002e, 0xe4ff6626, 0x72055c05, 0x10201782, 0xcd225d84, 
    0x0782a903, 0x82000321, 0x9d042917, 0x21005c05, 0x2a002600, 0x6b0caf57, 0x01231b15, 0x6b152135, 0xfe231d19, 0x6b6b0220, 0x04251e1d, 0x009b9b41, 0x24818402, 0x0079061e, 
    0x0869572c, 0x6b08956b, 0xe856061f, 0x376d0806, 0x26260236, 0x1a163727, 0x0e141502, 0x01270302, 0x79260217, 0xc0737bcc, 0x5daa7471, 0x6f4b014a, 0x3e6c463c, 0x4c476d3e, 
    0x05043a69, 0x90b76422, 0x74ba83c6, 0xb58e5336, 0x6d0243e5, 0xea811c44, 0x7ee3999d, 0x5c87da81, 0x864a3a78, 0x4c885a5a, 0x98558c54, 0xecfd1401, 0xff778570, 0xfef9fe00, 
    0xf9a278fe, 0x740458aa, 0x8f37018f, 0x08e55300, 0x2606fb23, 0x05415100, 0x8958cf21, 0x86b12015, 0x01072515, 0x001701c9, 0x51201789, 0xd3222d88, 0xdd8200b5, 0x74fe5e33, 
    0xe603cc03, 0x3c001500, 0x06410000, 0x26222306, 0x22df8235, 0x820e1737, 0x331625c5, 0x25373632, 0x3423ae42, 0x428740b6, 0x7c4d8c6a, 0x67396e47, 0x2b274340, 0xa4fe3d59, 
    0x20296c7c, 0x23bbfe33, 0x3e565f24, 0x14235a6b, 0x27494b27, 0x201c1f2a, 0x1b3c6c98, 0x6bffff21, 0x052105ef, 0x2cc582c1, 0x00000013, 0x00d00107, 0x000000ac, 0x23178605, 
    0x002d0079, 0x2005076c, 0x080b5e62, 0x096c3320, 0x17012f4a, 0x16070606, 0x06060716, 0x37262223, 0x196c3636, 0x6cc52f42, 0x260e4a31, 0x40020332, 0x033f382e, 0x2a6c5a04, 
    0xee012e40, 0x293b1839, 0x27273006, 0x3f3b5036, 0x0833417f, 0x3341b120, 0x01c92b08, 0x0000004b, 0x002f0003, 0x516c0400, 0x6a1a2007, 0x112417a1, 0x15213501, 0x2310576c, 
    0x770289fe, 0x2c0ea76a, 0xa4fa5c05, 0x9b9b4104, 0x00010000, 0x220482ce, 0x82ce03ba, 0x73002a63, 0xce113311, 0xfcce03ec, 0x20898232, 0x211782a7, 0x898305e5, 0x2605f352, 
    0x000049c9, 0x825f0002, 0x05282204, 0x0db54b51, 0xfeecce27, 0xfec901a5, 0x23398337, 0x00c15105, 0x3a243d82, 0x3a0274fe, 0x26213d88, 0x243d8301, 0xdcd70106, 0x2a1b8229, 
    0x040afeb2, 0x04900572, 0x82150026, 0x000724db, 0x82900216, 0xff012607, 0x010afe68, 0x238982c8, 0x5300000f, 0x200e9f6c, 0x0a956c80, 0x6c08dd4a, 0x2349068b, 0x057e2606, 
    0x0026065c, 0x25498217, 0x01d50107, 0x85830056, 0x2005fb57, 0x201782d6, 0x24178418, 0x012100cb, 0x058349a8, 0x05f00223, 0x22178872, 0x843d01cd, 0xfe94242f, 0x84b0013f, 
    0x232f8347, 0x36d50106, 0x0021ee82, 0x2204821f, 0x855c055e, 0x27533af3, 0x11011725, 0x1e3d1133, 0xfe1e2102, 0xd102ec5c, 0xfc965b96, 0xfa5c05d4, 0x267183a4, 0x040000ba, 
    0x50320640, 0xcb240815, 0x04006e01, 0x17827185, 0x17880220, 0xc300cf24, 0xb9860700, 0xe6034022, 0xd5221788, 0xa9827501, 0xba000330, 0x41040afe, 0x0f00e603, 0x27002200, 
    0x094c0000, 0x05b56209, 0x536e0320, 0x11172f14, 0x854ef902, 0x70330445, 0xec4d4937, 0x606e40ad, 0x1ece210d, 0x27083941, 0x90fd6c02, 0xf601b2d0, 0x240e1642, 0xfcc0ca03, 
    0x067f44f6, 0x050e0423, 0x209582ca, 0x248d821b, 0x01cc0107, 0x08374e05, 0x51050e22, 0x062c1786, 0x00d9d301, 0x57000300, 0x2d04e4ff, 0x0324ab82, 0x21001300, 0x2018b353, 
    0x09fe5636, 0x26035727, 0x01d7fcb0, 0x14f96c34, 0xfccd0323, 0x19fd6c33, 0x5e000326, 0x4606e4ff, 0x0f246d82, 0x44001d00, 0x230e6546, 0x27060614, 0x23083d5d, 0x16141506, 
    0x47093b54, 0x3a0819bf, 0xcd7f2202, 0x7fcd7878, 0x7878cb7c, 0x684384cb, 0x4464733b, 0x02753b69, 0x76c476fb, 0x6f77c475, 0x102362a1, 0xe3017efd, 0x290e032c, 0x5f453949, 
    0x465d2e31, 0xe30d5842, 0x97a76a0e, 0x45ce20a7, 0xc16d1b19, 0x12052507, 0x25002100, 0x22231773, 0x6d331101, 0xec201dc0, 0x231abf6d, 0x14f9ec06, 0x3b069942, 0x2b064203, 
    0x1e002606, 0x07000000, 0xd000cb01, 0xfffffdff, 0x00008300, 0xfb054c03, 0x06231786, 0x8425cf01, 0x43fe252d, 0xdc030403, 0xd5242d88, 0x04000601, 0x62242d82, 0xbc03e4ff, 
    0x1f204584, 0x01214585, 0x84458400, 0x83458417, 0x20458217, 0x26458355, 0x0358fe62, 0x82e603bc, 0x242d8545, 0x00ee00d6, 0x21458301, 0x178c40fe, 0x1b01d524, 0x01820100, 
    0xe6ffba33, 0x6605ae04, 0x00003500, 0x020e1441, 0x031e1415, 0x06cf5f15, 0x2605ad70, 0x2e343536, 0x5a343503, 0x11210845, 0x06965d23, 0x04165a08, 0x33433417, 0x415f6041, 
    0x3962ad6d, 0x3c02398a, 0x44373469, 0x57573c1e, 0x384a383b, 0x5b725a6f, 0x8fcb6def, 0x0463b67d, 0x47624934, 0x3a26223c, 0x53704e3c, 0x1e529768, 0x2528bc1c, 0x40284026, 
    0x4e404459, 0x454d3636, 0x534a3950, 0x75fc978a, 0xd19c9003, 0x008a4c69, 0x08ad6d03, 0x13000324, 0xa54c1700, 0x6d032005, 0x402312b3, 0x6db37502, 0x01250eb5, 0xfda4a4f4, 
    0x10ba6df0, 0x83ffff21, 0x21033153, 0x2606ac05, 0x00002000, 0xcd010700, 0x3a006e01, 0xfe251783, 0x04de025d, 0x241788cc, 0x009700d6, 0x20178406, 0x22178c45, 0x84c500d5, 
    0x056b5917, 0x2f82c120, 0x47842120, 0xe900d022, 0x200a8359, 0x221788ca, 0x8a5101cc, 0x86512017, 0x01062e17, 0xff0026d3, 0xfea600ff, 0x03ad0474, 0x232d88ce, 0x004f02d7, 
    0x2405bd4c, 0x062c04ee, 0x24178810, 0xff3801d1, 0x262f821d, 0x05000018, 0x822b06d0, 0x84232017, 0x01cb2475, 0x87fdffe6, 0xec052117, 0xce241788, 0xf8ff3301, 0x81201788, 
    0xc8221788, 0x8d844a01, 0x2e204785, 0xca221788, 0x17848c01, 0x0afe0024, 0x5f84d803, 0x5f852520, 0x84e80021, 0x8417845f, 0x2317835f, 0x35ce0106, 0x15855d83, 0x15855d83, 
    0x834dc821, 0x201584d3, 0x855b8306, 0x00ca2243, 0x245b848f, 0x03000072, 0x205b846e, 0x205b8626, 0x845b84e0, 0xfb052117, 0x17838b82, 0xcf010623, 0x85458335, 0x86b12015, 
    0x01072415, 0x84f400c9, 0x00622a45, 0x05b50400, 0x00260490, 0x23458312, 0xdf021500, 0x85221788, 0x17886c05, 0x17861820, 0xe4ff6e2a, 0xe603f203, 0x0d000606, 0x84094945, 
    0x821b200f, 0x00022a3f, 0x0400002c, 0x001205b6, 0x08576e06, 0x23010126, 0x2c152135, 0x0806576e, 0xfeb8fe28, 0x670376b0, 0xeefa1205, 0x08fcf803, 0x0300cfcf, 0xffff5e00, 
    0x2c05f804, 0x25002100, 0x00002900, 0x022e2265, 0x096b3435, 0x020e2307, 0x0a453523, 0x14152508, 0x05331616, 0x33204e82, 0x02250382, 0x8baf5c46, 0x07156b52, 0xaf8c5239, 
    0x4d71385d, 0xbc9c9fbb, 0xfe36714d, 0xc8e80118, 0x4c2ee701, 0x6b97e297, 0x992f071f, 0x6c4a96e3, 0xda9adf79, 0x99dbf3f2, 0x839b79de, 0x01003a00, 0x72fea600, 0xce032c04, 
    0x00001500, 0x23113341, 0x23060635, 0x23112722, 0x08817011, 0xec400329, 0x61982fec, 0x70ec3a4c, 0x032b057c, 0xae32fcce, 0xfe1a6060, 0x705c056a, 0x0020067b, 0x2c26c582, 
    0xcb04f9ff, 0xf782cd03, 0x12000e22, 0x85060d45, 0x82052044, 0x82012006, 0x042c08b0, 0x509c7048, 0xfc4966ec, 0x33feec86, 0x65079f04, 0x320281bb, 0x616ccefd, 0xfcca03cd, 
    0xcffe0236, 0x020000cf, 0xe4ff5e00, 0x8e041404, 0x66063953, 0x232706eb, 0x35022622, 0x4a361234, 0x35330857, 0x3a022634, 0x7979d68b, 0xd78b8bd6, 0x8bd77a7a, 0x82787876, 
    0x04783702, 0xf6fe8a8e, 0xf5fec1c0, 0x0b018a8a, 0x0a01c0c1, 0xc3bdd48a, 0x0383bdc3, 0x2107f366, 0xf3667604, 0x6607200a, 0x042b0bf3, 0x038afb76, 0x0118195c, 0x823008e2, 
    0x0078242d, 0x822a0400, 0x00212989, 0x34357300, 0x36373736, 0x2111f266, 0xf1660707, 0x9a350806, 0x5a6ebe9e, 0x775d5c68, 0x03fafe0a, 0x8689d27a, 0xb09e6ec8, 0x024a54d2, 
    0xabaac4c6, 0x5a1b2e27, 0x4d583e47, 0x51a27b53, 0x8d65a25f, 0x15342ca3, 0xd8303348, 0x24658200, 0x0412ff28, 0x66658216, 0xbf7208eb, 0x1fec6608, 0x64225208, 0xf0528eb6, 
    0x4d6d9508, 0x7b404376, 0x727a8659, 0x5b657584, 0x0ffc0c7f, 0x8d84cc7f, 0x636f6fce, 0xe17d847a, 0xa26933ee, 0x3a6c786e, 0x66404266, 0x5864ba3c, 0x515b654f, 0x5d49a386, 
    0x896665a0, 0x7dc12e29, 0x006ab874, 0xff240002, 0x04840428, 0x05eb667c, 0x11452908, 0x33013521, 0x23153311, 0x11210111, 0x6efdb602, 0xe0e89802, 0x0182fde0, 0x3a01d89c, 
    0xfc6803b2, 0xc6feccb2, 0x0e02ec01, 0x7220bf82, 0x3224bf82, 0x21008804, 0x20090147, 0x06b04233, 0x080ced66, 0x1415163e, 0x38020606, 0xea80cf77, 0x784b667c, 0xfe928e45, 
    0xfa023e90, 0x262cb8fd, 0x37633410, 0x8570cd8b, 0xbd60eee5, 0x3f686689, 0x7f6f4b72, 0x38d6b402, 0x0f1476fe, 0x81c0690d, 0x0079d388, 0x08057b4d, 0x055c0431, 0x0006062c, 
    0x00000050, 0xff300001, 0x04c00330, 0x0006008e, 0x15215300, 0x21012101, 0xfd900330, 0x02e0fea8, 0x0462fd86, 0x6efbcc8e, 0x66009004, 0x1222c87b, 0xeb826604, 0xef672120, 
    0x067b6606, 0x34351223, 0x08b66026, 0x33363623, 0x137a6632, 0x83485308, 0x05f879d0, 0x939f636c, 0xbe140503, 0x74c57984, 0x8a8ad377, 0x87468ace, 0x6546abf4, 0x69697b37, 
    0x67ee7977, 0x675b7ab9, 0x26ed1501, 0x9e962147, 0x7a79bc6b, 0xc5746ec0, 0xfee084f7, 0xf602aac2, 0x5d3e643c, 0x615d7d7d, 0x0002007d, 0x04e4ff3e, 0xb56f0572, 0x1a936a08, 
    0xf29f5833, 0x9ff28989, 0x8989f39e, 0x9b8d9ef3, 0x9c8c8d9b, 0x1d936a9c, 0x00ee4408, 0x05ca0300, 0x0011001a, 0x21357300, 0x06171107, 0x36350706, 0x11333736, 0xee152127, 
    0x3e3e3601, 0x42408547, 0x40b44183, 0x3eb63801, 0x272cd203, 0x07e20128, 0x5efb3231, 0x0000b63e, 0x006c0001, 0x82460400, 0x25a56a9b, 0x84416c3a, 0x570a0163, 0x62666c53, 
    0xfafe0983, 0x8bdf8303, 0x497dd483, 0xf2fe7093, 0x2205a56a, 0x6a276997, 0x73210fa5, 0x09a56a2b, 0xe4ff4624, 0xa56a6204, 0x60250833, 0x5a99c067, 0x7f4a04fa, 0x398b7953, 
    0x94ae5974, 0x71718371, 0xfa128f5b, 0x86d5850e, 0x6d80dc8c, 0x808d7569, 0x26a56ae7, 0xf3823620, 0x056c4808, 0x000d0020, 0x41000013, 0x33271133, 0x11372315, 0x21171123, 
    0x01170135, 0x02072127, 0xfa32e4c0, 0x4ce830f8, 0x90022efd, 0x0808fe46, 0x054c0602, 0x268cfc20, 0xa2fe3eb2, 0xb23e5e01, 0xfd065802, 0x00403876, 0x82700001, 0x053a24d1, 
    0x431f0012, 0xb76a05cb, 0x23262108, 0x250cca43, 0x06061415, 0xb86a5002, 0x8a6e2306, 0xb86a8587, 0x66622118, 0x2010b96a, 0x2063824e, 0x36b96a4c, 0xa4762408, 0xfd8d8bf9, 
    0x73c581a8, 0x5c0afa05, 0x04b29a56, 0x9b6c1002, 0x69bb7a55, 0x5d8bd477, 0x3d5f8585, 0x6a853d66, 0x8c242ab9, 0x1c040000, 0x4144ef82, 0x038c3609, 0xfed6fd90, 0xfd5202c2, 
    0xe2120586, 0x2e04d0fb, 0x00010000, 0x20b38232, 0x4bbd6a7c, 0xf6a75638, 0x6aa96387, 0x552f492a, 0x8a524b84, 0x4a969c54, 0x438efe40, 0xbd6a5f8c, 0x6f9b2206, 0x0abd6a26, 
    0x6a424221, 0x19221bbd, 0xbd6a8b5c, 0x18412116, 0x200abd6a, 0x20c3825a, 0x37bd6a56, 0x86402208, 0x04f67dd7, 0x866e5d7b, 0x1304043c, 0x79589768, 0xd2776ab9, 0x98c97489, 
    0xc2ed7755, 0x853d663d, 0x2bbd6a5f, 0x5e00022f, 0xe702e4ff, 0x0b001303, 0x00001700, 0x0a0d7d45, 0x080bf961, 0x90a30122, 0x8f90b5b5, 0x548fb5b5, 0x55545d5d, 0xc91c5e5e, 
    0xc9c9cfce, 0x82c9cecf, 0x9087868f, 0x8f868790, 0x2106c96e, 0x4b825e01, 0x00000a27, 0x23113353, 0x05344411, 0x8e6bf333, 0x291f3d20, 0xfc13034e, 0x0f6902ed, 0x0489010f, 
    0x272d831e, 0x02000078, 0x001e03ca, 0x6e11d547, 0xd5470a4e, 0x59370807, 0x32359f5a, 0x4e3c3c42, 0x50019d06, 0x804f5485, 0xa266634b, 0xbf012a2f, 0x226f6286, 0x2e3e143e, 
    0x383b3e2d, 0x3b356a50, 0x755b476b, 0x2c123e28, 0x00821724, 0x825a0001, 0x82d320dd, 0x84292091, 0x06ab45db, 0x91613620, 0x26342d09, 0x07062223, 0x33363623, 0x14151632, 
    0x08073671, 0x93539d3c, 0x5f04955d, 0x4d54494b, 0x45586851, 0x3744434e, 0x0d950c56, 0xa68078a3, 0x55473f42, 0x753c1caa, 0x44473d55, 0x703a3333, 0x3d2d333b, 0x6e77372d, 
    0x593b617a, 0x475f1915, 0xaf6e8468, 0xce022305, 0xc3471603, 0x05af6e05, 0x3523153f, 0x03013521, 0x88bd0133, 0xfe8c8989, 0xea930173, 0xfe1603ea, 0xadad7a11, 0xfe2a016c, 
    0x20ab82d6, 0x22ab8272, 0x6e0303ba, 0x232710ab, 0x15211323, 0x6e073721, 0x320809ab, 0x82549301, 0x53900249, 0xa153423e, 0xd40124ee, 0x171c9efe, 0x1c501d0c, 0x844a9079, 
    0x4f703b1c, 0x3e553c3c, 0x82910179, 0x070de929, 0x4d6e7406, 0x49004a7e, 0x022605cf, 0x001303c6, 0x0d41001d, 0x0d927b07, 0x2206a76e, 0x41061415, 0x3f080cfa, 0x549661a9, 
    0x937599ba, 0x37069704, 0x026d5d33, 0x5d410a03, 0x9e8b6f33, 0x4f4f3a7f, 0x5050373a, 0x72b1671c, 0x687edcc9, 0x8ca4372e, 0x4a132a12, 0x6d8b2354, 0x4482896f, 0x46433b38, 
    0x00443838, 0x3020d982, 0x56237e82, 0x6e000e03, 0x482e0997, 0x82fe6601, 0xb1fe2602, 0x888a8402, 0x1b487afd, 0xf7022105, 0x3b209d82, 0x310a8542, 0x06221517, 0x33161415, 
    0x34353632, 0x2e272726, 0xb1843502, 0xa2821620, 0x26222324, 0x17843527, 0x7c05d66d, 0x5908064f, 0xb397ac01, 0x2b196081, 0x6c644c1d, 0x2c5a5e4c, 0x5528df27, 0x56919f39, 
    0x636e5089, 0x3c192717, 0x4245585a, 0xe627295b, 0x1cae5c56, 0x5d536282, 0x41230808, 0x313c342e, 0x0f2b1e26, 0x53370f56, 0x3a746239, 0x66434265, 0x39290708, 0x3439302f, 
    0x10261d27, 0x4d582159, 0xc2827f62, 0xff6a0025, 0x41d002e4, 0x776e0c41, 0x08fb4705, 0x03209f89, 0x4d089b8a, 0x81508f01, 0x4a03934b, 0x02546338, 0x507a1103, 0x7d9d8b6d, 
    0xa059965d, 0x515039ac, 0x4f4f3838, 0x49703f1c, 0x88a64036, 0x64132312, 0x716c8a54, 0x77b16388, 0xb401e4c0, 0x433a3645, 0x413a3a43, 0x5e00ffff, 0xe7023c02, 0x07066b05, 
    0x88823e01, 0x11825820, 0x58025424, 0x11845e01, 0x11863f20, 0x58027826, 0x7605ca02, 0x40202382, 0x5a201186, 0xd3203582, 0x41202384, 0x2c201186, 0xce222382, 0x23826e05, 
    0x11864220, 0x23827220, 0x5b05ba22, 0x43201182, 0x6b831186, 0x3584c620, 0x11864420, 0x35823020, 0x66055622, 0x45202382, 0x62201186, 0xf7203582, 0x46202384, 0x6a201186, 
    0xd0201182, 0x47201184, 0x00301183, 0xffe3fe01, 0x056e03eb, 0x0003004f, 0x33014500, 0x03290f82, 0x34fcc2c9, 0xfa640515, 0x28bf839c, 0x1c07ebff, 0x27046b05, 0x2fbf8401, 
    0x52012700, 0x00001902, 0x40010700, 0x00005204, 0x20202186, 0x42202194, 0x5a242186, 0x4008ebff, 0xdf842184, 0x03204383, 0x22058b5d, 0x86720542, 0x07e42243, 0x20439449, 
    0x22438846, 0x946908e4, 0x86462043, 0xff722643, 0x053a08e4, 0x20a9825b, 0x82d98443, 0x0a0321a9, 0x4621a984, 0x29118205, 0x3000ffff, 0xa907e4ff, 0x21826605, 0x21874520, 
    0x85790221, 0xb2042121, 0x02280782, 0xe4ff5e00, 0x31030003, 0x3d1e6545, 0xbbbb96af, 0xbdbd9496, 0x62625794, 0x61615857, 0xd6d6d11c, 0xd6d6d0d0, 0x8c9487d1, 0x0383948c, 
    0x21276545, 0x6545100e, 0x595a3634, 0x423334a0, 0x064f3b3d, 0x864f029d, 0x4b7f4f54, 0x2fa16663, 0x0865452b, 0x452e2d21, 0x3c230565, 0x455a486a, 0x12201065, 0x43085744, 
    0x24740815, 0x3065450d, 0x3d567436, 0x33334447, 0x323c7039, 0x382c3c2e, 0x61796d78, 0x1816583c, 0x200a6545, 0x166545cd, 0x8889bc2a, 0x73fe8c88, 0xecec9401, 0x22126545, 
    0x450203bb, 0x94362365, 0x024a8155, 0x423e5391, 0x24efa052, 0x9efed501, 0x1d0d161b, 0x65451d50, 0x01782a0b, 0xe8298291, 0x7507060d, 0x0c65456d, 0x65451220, 0x742d0835, 
    0x07970494, 0x6c5d3336, 0x410a0202, 0x8b6e335e, 0x51397f9e, 0x4f373951, 0xb2661c4f, 0x7edbc972, 0xa3362f68, 0x132b128c, 0x8c23554a, 0x0565456c, 0x45454221, 0xf8232e65, 
    0x45001203, 0xad373e65, 0x5f82b497, 0x4d1d2b1a, 0x5e4d6b63, 0xe0272c5a, 0x9f395428, 0x458a5591, 0x39080565, 0x45575a3b, 0x27285a43, 0xad5d56e6, 0x5362821c, 0x2208095d, 
    0x3b352d42, 0x2a1e2631, 0x37105510, 0x74613953, 0x4342643a, 0x29080867, 0x39302e39, 0x261e2733, 0x5722590f, 0x6545614e, 0x0b41410a, 0x21286545, 0x6545944c, 0x51383812, 
    0x50383851, 0x6f3f1c50, 0xa63f374a, 0x13221288, 0x6d8a5563, 0x45628870, 0x00290d65, 0x015e0002, 0x050003e0, 0x082b642d, 0x03752620, 0x0c14470b, 0x9963af30, 0x63995555, 
    0x56569863, 0x61586398, 0x03825861, 0x5ce00128, 0xbb8f8fbb, 0x05835d5d, 0x93875c31, 0x95958c8c, 0x00938c8c, 0x02540001, 0x775e0107, 0x174905e1, 0x35232d06, 0x6bf33636, 
    0x1e3e208e, 0x1a054d29, 0x22051749, 0x821e0488, 0x02782b2b, 0x05ca020e, 0x0023002b, 0x7e835300, 0x490aec50, 0x06200916, 0x2708ed50, 0xa03c4f28, 0x3c433334, 0x3407b243, 
    0x2c4b804e, 0x2fa14459, 0x02bf012b, 0x5b42860e, 0x143e173f, 0x06b6433e, 0x6a3b3427, 0x445c3c48, 0x091d491b, 0x02fe0123, 0x236b82d3, 0x4100002f, 0x2f2bdd77, 0x743e9d01, 
    0x0395355c, 0x49324d2c, 0x36462254, 0x08052349, 0x0c55383c, 0x80500895, 0x4c855550, 0x55473f42, 0xfe018c4d, 0x41624221, 0x44213b29, 0x1a312134, 0x2e323b70, 0x50372c3c, 
    0x62372f65, 0x16593c40, 0x45475f18, 0x02003c6a, 0x0a022c00, 0xdd77cd02, 0x082d490d, 0x2407c743, 0x05ebeb93, 0x062d4920, 0xd5fe2b2e, 0x72000100, 0xbb02f401, 0x1e001205, 
    0x2d7dbb83, 0x32332405, 0x49343536, 0xc743122d, 0x01852c19, 0x507139f4, 0x3f553c3d, 0x43920177, 0x4e2207c8, 0x9582497e, 0xfe015e26, 0x2b05c502, 0x2105d777, 0x76712241, 
    0xc2441809, 0x062f4908, 0x080d426d, 0x14150637, 0x61a90116, 0x99545496, 0x45774d66, 0x37079703, 0x026b5e32, 0x5d410a02, 0x3f704934, 0x39558047, 0x25395151, 0x014f243d, 
    0x72b265fe, 0x3862bb87, 0x362e4568, 0x063a49a3, 0x49703f2e, 0x813e6f4a, 0x423a3944, 0x3925381f, 0x23053d49, 0x56020402, 0x0629e982, 0x01530000, 0x15213521, 0x093d4901, 
    0x3f490420, 0x20af8209, 0x20af82f8, 0x08fb5d45, 0x32333623, 0x0fd77716, 0x83054349, 0x49b68419, 0x36210645, 0x70461835, 0x06484909, 0x01064608, 0x529465ad, 0x1a40663b, 
    0x50331d2b, 0x3453312d, 0x262d5b5d, 0x395428e0, 0x55618847, 0x5d32508a, 0x19271742, 0x282a4427, 0x472d2e46, 0xe6272829, 0x954e5c57, 0x673bfe01, 0x2a4f3741, 0x1e230808, 
    0x32231f32, 0x0558491b, 0x36102608, 0x60413854, 0x42643a34, 0x072f4d2d, 0x2f1a2908, 0x192f201f, 0x1e1a2917, 0x22591025, 0x66414d57, 0x00020039, 0x20c1826a, 0x22c182d0, 
    0x86300023, 0x1ad577c3, 0xd5770620, 0x0164080d, 0x4b82508f, 0x384a0394, 0x02255042, 0x5b3f0c03, 0x3f704935, 0x45538047, 0x47335b79, 0x3d26778e, 0x39385126, 0xfe01504f, 
    0x3649703e, 0x5b884c40, 0x43132212, 0x703e2451, 0x3e6f4b48, 0x59916738, 0x0167bc81, 0x243720b3, 0x3a43433a, 0xffff4239, 0xeeff3000, 0x2a01f404, 0x06002604, 0x27000000, 
    0xc6010600, 0x07240782, 0x78030600, 0x02340782, 0xeaff8800, 0x2a05d401, 0x0f000300, 0x33530000, 0x32132113, 0x3606974a, 0xc6363435, 0x00ff1cca, 0x60604781, 0x5c5c4947, 
    0x88fc6203, 0x18594005, 0x240a554e, 0x03e2ff30, 0x223b82ca, 0x822b001f, 0x141524e9, 0x60070606, 0x33210871, 0x06fb7206, 0x3e373625, 0x8b353502, 0x9c023355, 0x3f485828, 
    0x59651b46, 0xf6077269, 0x8ed8ec0a, 0x8f776fcf, 0x5a230806, 0x6048495a, 0x508a0360, 0x254d6f57, 0x273b3620, 0x4c5e543e, 0xa460d3ad, 0x378f6a66, 0x33463a21, 0x77a0013a, 
    0xdd83088f, 0x01780126, 0x06b4027c, 0x002fcf82, 0x008a0100, 0x01300001, 0x0356022e, 0x820b003a, 0x4d3420cd, 0x2334060e, 0x98302622, 0xa0a07777, 0x02987777, 0x99997031, 
    0x94937070, 0x10273d82, 0x5c01fd01, 0x82043903, 0xe0ff2c3d, 0x01000f02, 0xe6ffa601, 0x84010a03, 0x0b434e3d, 0x4d560231, 0x4e4d6363, 0x611a6666, 0x62624849, 0x82614948, 
    0xfe7e232b, 0x6d8203e4, 0x82100021, 0x0b737efb, 0x14153508, 0x3a020606, 0x136f48bc, 0x4d61543e, 0x6e3b6d5f, 0x245ce4fe, 0x4d0c3b5f, 0x8659413d, 0x74884360, 0x01ffff00, 
    0x021000b2, 0x04a003fe, 0x01060027, 0x00220082, 0x01238382, 0x82760282, 0xfe8e2419, 0x842003f0, 0x01052419, 0x8400005e, 0x029c2c19, 0x01020076, 0x02eeffb2, 0x412e05fe, 
    0x412305ab, 0x78032103, 0xf02c0ce5, 0x1a00011a, 0x5d5d4766, 0x5e5e4a47, 0x10045018, 0x8a000227, 0x2404e4ff, 0x313d7905, 0x5828b83d, 0x1c473f48, 0x6f695967, 0xe90df60a, 
    0x6fce8fd8, 0x49407167, 0x5c48701f, 0x7948485c, 0x2121083d, 0x0e3d7936, 0x34463928, 0x5a60fe3a, 0x3d794342, 0x01012e06, 0x0318031e, 0x00800592, 0x4100000e, 0x0c227227, 
    0x72c20122, 0x220c2372, 0x72661803, 0x00290b23, 0x004c0002, 0x0464045c, 0x05cf7288, 0x23377725, 0x82133337, 0x33372303, 0x03833307, 0x2505cf72, 0x23372307, 0x18821307, 
    0x1ace2608, 0x22a00e9c, 0x1aa210a0, 0x18dc1ade, 0x12a01ade, 0x10a222a0, 0x1ade1aa4, 0xda2c1ada, 0xde5cdc24, 0x9c3a019c, 0x340082dc, 0x9cc6fe9c, 0x01dedede, 0x003a017a, 
    0xe0000100, 0xd20360ff, 0x08877205, 0x0202e025, 0x72fcfdf0, 0x01220687, 0x1d89de00, 0x01335324, 0xd371de23, 0xff220808, 0x012900ff, 0x037501e8, 0x00070624, 0x01f9ff06, 
    0x01fffffa, 0x03f4013e, 0x04c20270, 0x00090007, 0x5d8300e2, 0x60ff1b34, 0xe8ffa104, 0x00000300, 0x15213557, 0xa086041b, 0x29828888, 0x14ff3226, 0xe4057e03, 0x45242982, 
    0x0000a000, 0x80201186, 0x46221184, 0x1184f200, 0xc8fe1e26, 0x34069603, 0x93222382, 0x4d839000, 0x821c0121, 0x71942011, 0x41200539, 0x29223971, 0x87931c01, 0x4c38384c, 
    0xa7719387, 0x71fe200a, 0xff291d3a, 0xfe6201ff, 0x065003e6, 0x2277822c, 0x84a8008f, 0x24118677, 0x00000700, 0x067d7241, 0xfe500322, 0x2e0c7d72, 0x4800ffff, 0xda01f0fe, 
    0x06040e01, 0x82180500, 0x210f83d1, 0x0f82b403, 0x05002723, 0x20d18201, 0x2a178800, 0x8203f602, 0x27041805, 0x83014300, 0x0006215f, 0x20058b4c, 0x20178248, 0x22178476, 
    0x82ac0144, 0x00062377, 0x47830e44, 0x6c005e2a, 0xcb038004, 0x8d012604, 0x07241582, 0xe5018d01, 0x02210782, 0x28178300, 0x00cb037f, 0x000d0006, 0x06497500, 0x01270132, 
    0x01370115, 0x019fe202, 0x9fa0fe60, 0x7efc9d01, 0x9e2c0986, 0x5701786c, 0x7856013e, 0x50fe51fe, 0x00220a88, 0x47830100, 0x849b0221, 0x65003d47, 0x01170101, 0xfc010135, 
    0x9e0162fe, 0x01a0fe9f, 0xb0016c60, 0xfe78af01, 0xa9fe3eaa, 0x77202b8e, 0xfd276a85, 0xfe5f019f, 0x8a019fa1, 0xffff2f5f, 0x80031a01, 0x5c059803, 0x88000704, 0xad83da00, 
    0xfe68ff32, 0x05db023b, 0x0003006c, 0x53000023, 0x01072137, 0x2406c65e, 0x023e1337, 0x8d491833, 0x07210809, 0x23020e03, 0x0b152622, 0xfd0a3002, 0x34193a22, 0x23341c1a, 
    0x5b075604, 0x68304e8d, 0x35183b30, 0x360f8219, 0x5c085603, 0x682f508b, 0x9c9c2e03, 0x08b625fb, 0x2c34150b, 0x1869d504, 0x250a6951, 0x3f85692c, 0x6d82000e, 0x04ff482d, 
    0x1205fd03, 0x0e000a00, 0x18001200, 0x26073550, 0x11211521, 0x84331103, 0x19023c01, 0xdcf5f5dc, 0xbcfec301, 0xaf7fb079, 0xc5d8d801, 0xfdd4d7c6, 0x062cfd9a, 0x83f2f90e, 
    0x02002d03, 0x93ff8600, 0x20052904, 0x45002200, 0x9b594382, 0x18272005, 0x25191b4d, 0x06220323, 0x90471415, 0x21ce8207, 0x094b3726, 0x08368609, 0x34750279, 0x3f3e2c4f, 
    0xdd7b71d3, 0x03c7c3b7, 0x4b5603de, 0xe6755451, 0xb8677b71, 0x554b5879, 0x7c6fe676, 0x7c89be63, 0xda0170c4, 0x58526f01, 0xd3403d60, 0xbcde7973, 0x351ed801, 0x142f2721, 
    0x5b88264c, 0x7ca5977e, 0x2a3e3831, 0x27562541, 0x8b505778, 0x40c40155, 0x5526412c, 0x4f587827, 0x924d568b, 0x42424866, 0x152f2731, 0x5d88284b, 0x00009182, 0xff300003, 
    0x825d05f4, 0x001322c7, 0x27c98327, 0x022e2245, 0x023e3435, 0x2405f458, 0x3227020e, 0x2a0f823e, 0x2223022e, 0x1415020e, 0x4937021e, 0x1721093d, 0xcb531807, 0x3541080c, 
    0x02061433, 0xb7f089c7, 0xf0b76767, 0xb6f18889, 0xf1b66767, 0x95c57188, 0xc5955555, 0x96c67071, 0xc6965555, 0x559a676d, 0x8a639a59, 0x1398169a, 0x56343d52, 0x3c542d33, 
    0xa898554d, 0xf0b6670c, 0x213b8289, 0x3b826666, 0xb6f0892e, 0x95557667, 0xc57170c6, 0x96545496, 0x95363c83, 0xb9638655, 0x5db58581, 0x3f1c6b85, 0x5d7c3d4c, 0x52447e58, 
    0xc182833f, 0xc18c0520, 0x36002b25, 0x7f003f00, 0xc59a05b7, 0x33032524, 0x47182113, 0x481809e7, 0xbfa008bb, 0xc5020133, 0xc2fde48f, 0x8e841101, 0x7e8c848e, 0x43454b4b, 
    0x08bba18c, 0x5a01b920, 0xe302a6fe, 0x7c64667c, 0x7a01dffe, 0x44383545, 0x06000200, 0x2005cd03, 0x09005606, 0x37611900, 0x05615805, 0x1333252c, 0x11331323, 0x03331123, 
    0x07820323, 0x02062d08, 0x761be409, 0xaa86011a, 0xa3b70ab6, 0x4ec91277, 0x05760bc9, 0x1b6666f0, 0x3e02c2fd, 0x73fe661b, 0x77fd8d01, 0x46fe0102, 0x01feb801, 0x58265782, 
    0xb102ca03, 0xf94c2306, 0x85260822, 0x51518953, 0x88535389, 0x53885151, 0x3b54543b, 0x0355553c, 0x528a51ca, 0x51518754, 0x8a525487, 0x3b559d51, 0x0383553b, 0xb1775782, 
    0x82072009, 0x331123af, 0x03820311, 0xececba2b, 0x03ee02ec, 0xfceafc16, 0x8205831e, 0xff5b2827, 0x05bc0304, 0x82030012, 0x002308d9, 0x03210345, 0x05253501, 0x98010515, 
    0x1e1d011b, 0xb001dffd, 0x4ffeb101, 0xf90e06fc, 0xa3fe03f2, 0x83a31010, 0x21338b29, 0x358b000f, 0xfe213b92, 0x27439150, 0x11a2a8fe, 0x0013a211, 0x5e267582, 0xc20328ff, 
    0x09829604, 0x28000722, 0xa5824b82, 0x33350324, 0xb9420315, 0xed561808, 0xc4012515, 0x5cc2c2c2, 0x19f15618, 0x0201d82d, 0x8404fefe, 0x38fceaea, 0x189ce77f, 0x3716fb56, 
    0x007a0006, 0x043604a2, 0x000f005e, 0x0023001f, 0x002b0027, 0x6500002f, 0x89797b88, 0x0ba74b08, 0x27011625, 0x82051737, 0x17012403, 0x82252707, 0x58023303, 0x7373c075, 
    0xc07575c0, 0x75c07171, 0x3a3a613b, 0x05843b61, 0x6433012b, 0x1efd64e6, 0x01da62da, 0x250482a6, 0xda625afe, 0x2884d862, 0x73212e85, 0x252982d2, 0x3939613c, 0x2f823c61, 
    0x646a012a, 0xdadc62e6, 0x5cfeda64, 0x64370482, 0x0064da64, 0x28000300, 0xba04e4ff, 0x1e002c05, 0x26002200, 0x60450000, 0x71450605, 0x1815200a, 0x240aff4e, 0x15213501, 
    0x08038225, 0xa9b60221, 0xfd918bfc, 0x24ffe1a2, 0x62871ffc, 0x48538b54, 0x8c7c6189, 0xfce77dfc, 0xfdc602d2, 0x18c6023a, 0x2b180f4f, 0x8686f201, 0x008686dc, 0xa6000400, 
    0x442a0482, 0x03001205, 0x0c000700, 0xd5702000, 0x33052609, 0x37012101, 0x05695533, 0x33352330, 0x15160432, 0x23040614, 0x9e03a623, 0x038362fc, 0x02c23008, 0xfeb6fe88, 
    0xae3c4e00, 0x3cae9e9e, 0x0501c23c, 0xfefe7383, 0x8e043cd5, 0xbefe8484, 0xfdda8686, 0x86ec018e, 0x9a74739b, 0x6ca45c5e, 0x836ab773, 0x820e20eb, 0x8286206f, 0x0009286f, 
    0x0011000d, 0x82116100, 0x82232065, 0x83112003, 0x230383d2, 0x42fecc01, 0x0af04918, 0x0230fe2b, 0x0246fdba, 0x021802ba, 0xf94918fa, 0x84aa3707, 0x8484d684, 0x00ffff00, 
    0x0428ffa6, 0x0496040a, 0x489a0106, 0xeb410000, 0xff4024a3, 0x186e0436, 0x182ecf44, 0x080bda53, 0x1717162d, 0xc4686202, 0x51e85b9b, 0x6f546192, 0x903e4637, 0x8f8d0001, 
    0xfffee871, 0xa3926eaa, 0xfc0c01b5, 0xe819f0db, 0x7f6d890a, 0x18404085, 0x270cce44, 0xcc361558, 0x80a3315a, 0x0ace4418, 0x189f3821, 0x2c09ce44, 0x002c1743, 0xff240003, 
    0x058204e4, 0x062b432c, 0x251a8b42, 0x14333536, 0x8c420606, 0xaa3b0808, 0x8f87f8a9, 0xedd795f2, 0x751afc1e, 0x51804757, 0x4c5f7c3d, 0x77fc376b, 0x02eefcd5, 0x026efd92, 
    0x01a31c92, 0x01ded330, 0xb0dc982c, 0x637e662e, 0xca8aa4d1, 0x466c3e6e, 0x426ccb91, 0xff2f068e, 0x008900ff, 0x05270400, 0x01060412, 0x8200e39d, 0x8238208d, 0x1878200f, 
    0x082ed944, 0x3c4a7820, 0xa77bb865, 0x09e818c1, 0x604c3e51, 0x02eefea0, 0x0956657a, 0xca060201, 0x02a6fdf4, 0x441890e6, 0x73821bd9, 0xa1422a20, 0xfeda2d20, 0x01180150, 
    0x32012c26, 0x40fe1801, 0x571ca142, 0x260807a7, 0x52010606, 0x01000000, 0x5a006e00, 0xb003c403, 0x00000b00, 0x01012765, 0x17010137, 0x01070101, 0x01a61401, 0x82fcfe04, 
    0x04012f04, 0x01fafea8, 0xfcfea806, 0x0401a85a, 0x08820201, 0xfe221283, 0x0e82fcfe, 0x9f820020, 0x38009526, 0xcb039d03, 0x0f220982, 0xaf431b00, 0x0a595c06, 0x2c0b7d4d, 
    0xfe080395, 0x4d4d3a7a, 0x50503c3a, 0x3707863c, 0xd0d09a01, 0x374b9efe, 0x384a4a38, 0x8f024b37, 0x4c373948, 0x4839374c, 0x9f264f82, 0x93034000, 0x0982c603, 0x9f840720, 
    0x01330127, 0x15213525, 0x37038301, 0x983e0131, 0xd4fec4fe, 0x0cfdf402, 0x0340f402, 0x7f7afc86, 0xa401cece, 0x2005cd64, 0x239882ae, 0x00c40382, 0x53263784, 0x25152527, 
    0x37840537, 0x0230de3d, 0x30b0fd50, 0x4cfda002, 0x1e01b802, 0xc054bebe, 0xfdb0fcbe, 0x00b2b2e8, 0x82b10002, 0x87852035, 0x25412735, 0x05172535, 0x6d830535, 0xfd570328, 
    0x2ea2025e, 0x3c82b0fd, 0x37832c20, 0xfcb0fa28, 0xbe54c0be, 0x378424fe, 0x3782a720, 0x4a048b22, 0x2005f779, 0xa34c1841, 0x15212c0b, 0xb8bd0121, 0xeafe1601, 0x82eafeb8, 
    0x02fa3206, 0x043afdc6, 0x98cefe4a, 0x3001d0fe, 0xb29afd98, 0x2a778200, 0x03760065, 0x004e03ce, 0x7d35001a, 0x2e2b167b, 0x06222302, 0x36362703, 0x7d163233, 0x19840d95, 
    0x2378dd3b, 0x5f286075, 0x1d4b4345, 0x78193f2a, 0x28588626, 0x3e1e4956, 0x3d271539, 0x351a9918, 0x7f410002, 0x191b1b8c, 0x4b373319, 0x1b1a7b78, 0x380f160c, 0x138838fe, 
    0x7b774c25, 0x820d1a1a, 0x01002913, 0x2901b600, 0xa3027c03, 0x0805f363, 0x35231121, 0x02b62117, 0xfd309cc6, 0xfea302a6, 0x0034fc86, 0x002c0003, 0x031b05bf, 0x00210033, 
    0x463f0030, 0x17200dcf, 0x2c0aca54, 0x26262223, 0x020e3327, 0x37363227, 0x091d4a15, 0x4a182120, 0x3608096e, 0x16163507, 0x944b6e01, 0x4b946363, 0x2a717b3a, 0x7d712b36, 
    0x62944c38, 0x384c9462, 0x352a707d, 0x147b722a, 0x34348346, 0x51274683, 0x02513838, 0x37522746, 0x84275237, 0x43bf3212, 0x8b6d6c8b, 0x58652a42, 0x422a6558, 0x8b6c6d8b, 
    0x360b8543, 0x5569619b, 0x461f606a, 0x1e473a3b, 0x3b3a471e, 0x6a601f46, 0x82616955, 0x006626b7, 0x044a043d, 0x28098222, 0x00230013, 0x01277700, 0x0ad37417, 0x6d151621, 
    0x27080913, 0x06222326, 0x16141506, 0x0357bd16, 0x0ffe568e, 0x7474c477, 0xc37777c4, 0x77c37474, 0x4e4e814f, 0x824f4f81, 0x3d824e4e, 0x57261d82, 0xc474b7fc, 0x1a837876, 
    0xc4767827, 0x824e8f74, 0x2e21884f, 0x2c000100, 0x9f033bfe, 0x1f006c05, 0x4c530000, 0x2c351cd1, 0x1934193b, 0x0324331d, 0x8c5c0756, 0x3067304f, 0x1a35173b, 0x230f871c, 
    0x53fe682f, 0x2a1ac74c, 0xfeba0001, 0x05650426, 0x82090012, 0x11200867, 0x11231121, 0x11372117, 0xebab03ba, 0x3cb4fd3b, 0xec0626fe, 0x5c0614f9, 0xa4f93e3e, 0x5e000200, 
    0x09202b82, 0x07302b82, 0x00000f00, 0x21350141, 0x01372115, 0x27012121, 0x24080882, 0xfe3b0235, 0xfcab0323, 0x0f02899b, 0x0101fffe, 0x0389f1fd, 0x0155fc65, 0xcea8029c, 
    0x1afd3ece, 0xcd3d1afd, 0x08d782cd, 0x01000a34, 0x9306c404, 0x00000a00, 0x07170365, 0x23132527, 0x01013301, 0xf954ddca, 0xd48f013e, 0xc4f90166, 0x0101c1fd, 0x89585ee1, 
    0x0533feac, 0x006ef9ff, 0x0969ffff, 0x06063407, 0x00002801, 0x66000100, 0x1e04e4ff, 0x2c007906, 0x49450000, 0x23200b15, 0x201b8374, 0x257f7402, 0x37287a74, 0x5e000700, 
    0xf107eaff, 0x0f002c05, 0x1f001b00, 0x3b002f00, 0x57004b00, 0x1d42938e, 0x059a6f05, 0x16141523, 0x6f431805, 0xdd06373a, 0x4c4c7c48, 0x7d4a487c, 0x4a7d4d4d, 0x2c36362c, 
    0xfa35352c, 0x43180307, 0x4b252085, 0x7d4c4c7d, 0x2230834b, 0x1835352b, 0x21158143, 0x43180582, 0x0128309c, 0x00005e00, 0xd6035404, 0x10775118, 0x01ece22c, 0xec7afe86, 
    0x84017cfe, 0x5118d603, 0x26080a77, 0x04820156, 0x0050025a, 0x53000003, 0x56211521, 0xfcfb0404, 0xffce5002, 0x00a600ff, 0x03fc035a, 0x010604b0, 0x820038a7, 0x00e5260f, 
    0x03ed0338, 0x2c0f82cb, 0x000050a8, 0x00fc0002, 0x03b403c0, 0x20398230, 0x203b8507, 0x243f8211, 0xfdb802fc, 0x25038348, 0x02cc8c01, 0x3783cc70, 0x4000fd26, 0xc603f103, 
    0xa9263782, 0x0100005e, 0x4782bc00, 0x4618f420, 0x58210e15, 0x1546189c, 0x00012213, 0x182b89ba, 0x27086d46, 0x72fd9e56, 0xfd9e8e02, 0x0c6d4618, 0x01ffff29, 0x0300000c, 
    0x82c403e0, 0x5eaa2167, 0x01217782, 0x200f820f, 0x200f84e3, 0x200f84ab, 0x220f8205, 0x824a04e9, 0x83ac201f, 0x8300270f, 0xec037600, 0x0f824e03, 0x831ead21, 0x018e2897, 
    0x021e0498, 0x541900f6, 0xb34505f3, 0x26263f10, 0x01062223, 0x7a237e0c, 0x49642b63, 0x261e5248, 0x29801842, 0x61215f8c, 0x1f4c474a, 0x43184025, 0x1d220f4a, 0xed823815, 
    0xb4016c24, 0x44184404, 0x6c2a0da9, 0x01be8e01, 0xfefafe8c, 0x44185aee, 0x00270ca9, 0xff140005, 0x7e9c04e4, 0x2f200875, 0x3f0d4618, 0x54033e3c, 0x02aefce0, 0x4b75407a, 
    0x4140754b, 0x764b4b76, 0x39392741, 0x38382a27, 0x148ba4fd, 0x3a282208, 0x3828283a, 0xfa120538, 0x853a1cee, 0x39847171, 0x71718439, 0x42983a85, 0x44445656, 0x02425656, 
    0x25168252, 0x39398570, 0x16827085, 0x12839620, 0x002a1a83, 0x5e000200, 0x36040000, 0xbd821205, 0x00000d31, 0x01330153, 0x35032301, 0x15012301, 0x855e3301, 0xbe743ce9, 
    0x392101a5, 0xe2fe1e01, 0x02890239, 0xfd77fd89, 0x5a5c0277, 0xe80118fe, 0x83e7015a, 0x76042941, 0x8105f802, 0x17000b00, 0x0db16118, 0x91482120, 0x6a022e0a, 0x3a52523a, 
    0xfe50503e, 0x4f4f3d42, 0x3b08823d, 0x394c7604, 0x394d4d39, 0x374c4c39, 0x3b4b4b3b, 0x01004c37, 0x82045e00, 0xb1059c01, 0x00214b82, 0x313d8a53, 0x585845fb, 0x5c5c4545, 
    0x40558204, 0x42585941, 0x2b845540, 0x71025d26, 0x03002e06, 0x01307582, 0x00020137, 0x019d5efe, 0x015d0476, 0x8bfe8051, 0x72201f86, 0x532f1f85, 0xcf170127, 0x9e760171, 
    0x015c5d04, 0x84008075, 0x025424b5, 0x42ca0537, 0x412405ff, 0x01171327, 0xe5340383, 0xfea52376, 0xa80c79a0, 0x01155404, 0xcefe2753, 0x1c560111, 0xa6284b82, 0xb3010404, 
    0x0f007205, 0x3b115157, 0x30711701, 0x35270b46, 0x453a2e3b, 0x38040452, 0x06293c18, 0x3727262f, 0x7d413952, 0x22088584, 0x05270355, 0x000600f4, 0x01275300, 0x33250701, 
    0x64018be9, 0xfe8b6501, 0x550453fc, 0xfe31016e, 0x84ea6ecf, 0x825c2027, 0x83fb2027, 0x82412027, 0x012337cd, 0xfec20117, 0x02018b9c, 0x8b040153, 0x31015c04, 0x01fcfe6e, 
    0x29846e04, 0xd6028926, 0x0d00c105, 0x20056d41, 0x05be6333, 0x06143337, 0xa9939a01, 0x3e3d45ba, 0x04a8b945, 0x4d92a689, 0x924d5050, 0x25eb84a6, 0x3a021705, 0x7b50f306, 
    0x414c2922, 0x6c40406d, 0x416c4142, 0x22230282, 0x82222e2e, 0x17052303, 0x0e836d40, 0x9e201485, 0x2f211382, 0x8217822f, 0x042e2889, 0x05e20268, 0x491a00a1, 0x0e211041, 
    0xbd461802, 0x8c3b0808, 0x4d71185e, 0x33363f1d, 0x381d1833, 0x3f0e6415, 0x47242952, 0x152e2f39, 0x68043b20, 0x16877939, 0x2f161a1c, 0x6f484233, 0x1a1c1c40, 0x00002912, 
    0x04040101, 0x05b70390, 0x82030051, 0x15212be1, 0x02040121, 0x054dfdb3, 0x1b82c151, 0x045c0027, 0x0577010a, 0x21cb8279, 0x2e794100, 0x0b01210e, 0x2106ec78, 0xec783f03, 
    0x79052205, 0x0bab7839, 0x5e26b182, 0x7a013ffe, 0x6918adff, 0x372a0a8f, 0x32333636, 0x06060716, 0x29796dcb, 0x40033605, 0x043f392d, 0x3ffe5a03, 0x283c1938, 0x28263006, 
    0x403a5035, 0x287b837f, 0x0257fe5e, 0x004f0019, 0x08ef8215, 0x1616373f, 0x26363736, 0x17372726, 0x021e2707, 0x26020e07, 0x6944215e, 0x2d03033f, 0x684e3851, 0x78611f47, 
    0x5b040335, 0x91fe9388, 0x23092053, 0x222b1c20, 0xc70fdc0c, 0x4e3c0f3c, 0x18473a2c, 0x264f8516, 0xff5e024b, 0x7b1300fe, 0x37200a1b, 0x9165d482, 0x37240805, 0x87415e02, 
    0x678c6b41, 0x7967b464, 0x592b2842, 0x2392fe3c, 0x48596024, 0x24272989, 0x1f273353, 0xffff201c, 0x25073143, 0xc9010604, 0x0f840000, 0x37025424, 0x0f82ca05, 0x0f86cc20, 
    0x27035c24, 0x0f82fb05, 0x0f86cf20, 0xd6028924, 0x0f82c105, 0x0f85d020, 0x82051b42, 0x84d1200f, 0x045f2c0f, 0x05120390, 0x01070451, 0x845bffd3, 0x82f58611, 0x86d62021, 
    0x82b5840f, 0x00d7210f, 0x14240085, 0x0100f600, 0x04820a83, 0x07820620, 0x06240b85, 0x06000400, 0x08201786, 0x0a200982, 0x09300b86, 0x10000500, 0x01000300, 0x00000904, 
    0x15009e00, 0x01240b86, 0xb3000a00, 0x02240b86, 0xbd000e00, 0x03240b86, 0xcb003000, 0x04240b86, 0xfb001a00, 0x05230b86, 0x87013a00, 0x0006243b, 0x864f011a, 0x00072417, 
    0x86690150, 0x0009240b, 0x86b90120, 0x010d240b, 0x86d90122, 0x000e230b, 0x47870236, 0x77891920, 0x0c22b882, 0x23853103, 0x00060125, 0x863d0308, 0x0008240b, 0x8645030c, 
    0x092f080b, 0x51030a00, 0x67696557, 0x6f427468, 0x7449646c, 0x63696c61, 0x616d6f52, 0x0043006e, 0x0070006f, 0x00720079, 0x00670069, 0x00740068, 0x82320020, 0x003122be, 
    0x20098239, 0x20118254, 0x22078265, 0x8261004b, 0x826c2021, 0x00202205, 0x26098250, 0x006a006f, 0x84630065, 0x0041222d, 0x20078275, 0x22478268, 0x82730072, 0x8428202b, 
    0x82742045, 0x00732455, 0x822f003a, 0x82672001, 0x8274205b, 0x00752415, 0x822e0062, 0x006f2235, 0x2015846d, 0x2233826f, 0x826c0067, 0x82662049, 0x826e2009, 0x82732045, 
    0x886b2017, 0x0029216b, 0x52207789, 0x67202582, 0x83836982, 0xa1827220, 0x30002e22, 0x34260182, 0x47003b00, 0x01824f00, 0x09824720, 0x2d212d89, 0x892f8d00, 0x8e202019, 
    0x82562019, 0x82722057, 0x846920b7, 0x89fb8381, 0x00672259, 0x83938266, 0x826c20a5, 0x825b2021, 0x002e226f, 0x24c18239, 0x00330033, 0x9b9b8a5d, 0x8269206d, 0x82202039, 
    0x822020d1, 0x82722049, 0x82642007, 0x846d206f, 0x006b22e1, 0x20738220, 0x20058266, 0x207b844a, 0x20218261, 0x20198268, 0x2511826e, 0x00690050, 0x5341006e, 0x006e2105, 
    0x54201f9f, 0x67852982, 0x49844620, 0x41827420, 0x5b845320, 0x77007422, 0x65206b84, 0x21851182, 0x59826c20, 0x83826320, 0x97826e20, 0x64006522, 0x75201782, 0x95836982, 
    0x0b827220, 0xef417420, 0x00532406, 0x824c0049, 0x004f220f, 0x212b8470, 0x59890020, 0x418c4c20, 0x25822c20, 0x230f4341, 0x002e0031, 0x20210383, 0x8d998900, 0x82202077, 
    0x82732043, 0x00612239, 0x229f8276, 0x826c0069, 0x82622005, 0x20a78305, 0x062d4277, 0x24053541, 0x00410046, 0x22298451, 0x823a0074, 0x00682207, 0x20018274, 0x42bd8270, 
    0x7328055b, 0x72006300, 0x70006900, 0x73201582, 0x73207782, 0x6c200b82, 0x6f200782, 0x67241582, 0x4f002f00, 0x4c20b982, 0xa5109142, 0x82572035, 0x071543fb, 0x6f004222, 
    0x64229f82, 0x67824900, 0x09826120, 0x77826920, 0x13825220, 0xb9826d20, 0x82006e21, 0x00022100, 0xff230084, 0x8432009c, 0x21048e08, 0x1082e001, 0x0201013a, 0x03000301, 
    0x11000f00, 0x1d001e00, 0xb2001000, 0x0400b300, 0x45004400, 0x4722a682, 0x5e824800, 0x4b004a28, 0x4d004c00, 0xba824e00, 0xfa825020, 0x00522c08, 0x00540053, 0x00560055, 
    0x00580057, 0x005a0059, 0x005c005b, 0x0024005d, 0x00260025, 0x00280027, 0x002a0029, 0x002c002b, 0x822e002d, 0x003022f0, 0x0b818231, 0x3400338e, 0x36003500, 0x38003700, 
    0x3a003900, 0x3c003b00, 0x0a003d00, 0xb6000401, 0x0b00b700, 0x0e000c00, 0x2000ef00, 0x14001300, 0x16001500, 0x18001700, 0x1a001900, 0x1c001b00, 0x22000700, 0x43008500, 
    0x6a008d00, 0x7a007100, 0xcb00ad00, 0x69007f00, 0x79007000, 0xc9007e00, 0xcf006500, 0xd300cc00, 0xd600d000, 0xd800d400, 0x72006b00, 0x80007b00, 0xc800c700, 0xd100cd00, 
    0xd900d500, 0x23000900, 0x6c008e00, 0x7c007300, 0x62008100, 0xce00ca00, 0x68006700, 0x74007500, 0x77007600, 0x21001f00, 0x06000500, 0x12000d00, 0x3f000800, 0x3e005f00, 
    0x41004000, 0x5e004200, 0x61006000, 0x78006d00, 0xae007d00, 0xaf006600, 0x06010501, 0x63000701, 0xfd009000, 0x6400ff00, 0x09010801, 0xe9000a01, 0x0c010b01, 0x0e010d01, 
    0x0f01f800, 0x11011001, 0xfa001201, 0x14011301, 0x16011501, 0x18011701, 0x1901e200, 0x1b011a01, 0x1d011c01, 0x91001e01, 0xed00b000, 0x20011f01, 0x22012101, 0xfb00e400, 
    0x24012301, 0x26012501, 0x28012701, 0x2a012901, 0x2c012b01, 0x2e012d01, 0x30012f01, 0xeb003101, 0xbb003201, 0x34013301, 0x3501e600, 0x37013601, 0x6e003801, 0xfe00a000, 
    0x6f000001, 0x3a013901, 0xea000101, 0x3c013b01, 0x3e013d01, 0x3f01f900, 0x41014001, 0x4201d700, 0x44014301, 0x46014501, 0x48014701, 0x4a014901, 0x4b01e300, 0x4d014c01, 
    0x4f014e01, 0xa1005001, 0xee00b100, 0x52015101, 0x54015301, 0xfc00e500, 0x89005501, 0x57015601, 0x59015801, 0x5b015a01, 0x5d015c01, 0x5f015e01, 0x61016001, 0xec006201, 
    0xba006301, 0x65016401, 0x6601e700, 0xc100c000, 0x9e009d00, 0x68016701, 0x9b006901, 0x6b016a01, 0x6d016c01, 0x6f016e01, 0x71017001, 0x73017201, 0x75017401, 0x77017601, 
    0x79017801, 0x7b017a01, 0x7d017c01, 0x7f017e01, 0x81018001, 0x83018201, 0x85018401, 0x87018601, 0x89018801, 0x8b018a01, 0x8d018c01, 0x8f018e01, 0x91019001, 0xf400bc00, 
    0xf600f500, 0x93019201, 0x95019401, 0x97019601, 0x99019801, 0x9b019a01, 0x9d019c01, 0x9f019e01, 0xa101a001, 0xa301a201, 0xa501a401, 0xa701a601, 0xa901a801, 0xa300ab00, 
    0xc300a200, 0xaa018700, 0xac01ab01, 0xae01ad01, 0xb001af01, 0xb201b101, 0xb401b301, 0xb601b501, 0xb801b701, 0xba01b901, 0xbc01bb01, 0xc400bd01, 0xb400c500, 0xa900b500, 
    0xbe00aa00, 0xbe01bf00, 0x8800a600, 0x8b008600, 0x8c008a00, 0xe8008300, 0xc2008200, 0xbd008400, 0xc001bf01, 0xc1019600, 0xc301c201, 0xc501c401, 0xc701c601, 0xf000c801, 
    0x8f00b800, 0x94009500, 0xa7009300, 0x9200a400, 0x9c00c901, 0x99009a00, 0xca01a500, 0xc6009800, 0xcc01cb01, 0xce01cd01, 0xd001cf01, 0xd201d101, 0xd401d301, 0xd601d501, 
    0xd801d701, 0xb900d901, 0xdb01da01, 0xdd01dc01, 0xdf01de01, 0xe101e001, 0xe301e201, 0xe501e401, 0xe701e601, 0xe901e801, 0xdf00dc00, 0xdb00e100, 0xda00dd00, 0xe000de00, 
    0x07524302, 0x30696e75, 0x0a304130, 0x736f7061, 0x706f7274, 0x41066568, 0x76657262, 0x6d410765, 0x6f726361, 0x6f41076e, 0x656e6f67, 0x64430a6b, 0x6361746f, 0x746e6563, 
    0x61634406, 0x06821982, 0x616f7225, 0x84450674, 0x450a210d, 0x07211f88, 0x203a8645, 0x843a8545, 0x32312464, 0x88470a32, 0x48042922, 0x02726162, 0x49074a49, 0x49202a86, 
    0x332a2a8b, 0x614c0636, 0x65747563, 0x5b844c06, 0x33234085, 0x854e0642, 0x8a4e2015, 0x35343515, 0x676e4503, 0x75684f0d, 0x7261676e, 0x616c6d75, 0x4f077475, 0x06215585, 
    0x202f8552, 0x232f8a52, 0x53063635, 0x54841584, 0x38313222, 0x31250783, 0x04453945, 0x21928254, 0x2a8a5406, 0x86323621, 0x06412923, 0x65726255, 0x550d6576, 0x5520658c, 
    0x07216585, 0x27bb8555, 0x69725505, 0x5706676e, 0x0b3e5d84, 0x72696357, 0x666d7563, 0x0978656c, 0x65696457, 0x69736572, 0x67570673, 0x65766172, 0x1c89590b, 0x84590621, 
    0x5a062112, 0x0a213684, 0x0822415a, 0x84610621, 0x61072173, 0x61206586, 0x0a216585, 0x20218963, 0x21ac8464, 0x06846506, 0x88650a21, 0x65072118, 0x65203386, 0x220c8041, 
    0x88670a33, 0x68042122, 0x092bed82, 0x6f6c2e69, 0x52546c63, 0x8669074b, 0x85692031, 0x69022231, 0x21fb856a, 0x07843733, 0x37333124, 0xa1846c06, 0x416c0621, 0x33230a21, 
    0x856e0643, 0x8a6e2015, 0x36342715, 0x676e6503, 0x2c416f0d, 0x856f200c, 0x72062160, 0x72202f85, 0x35232f8a, 0x41730637, 0x39220b92, 0x9c827404, 0x8a740621, 0x33362122, 
    0x322b8684, 0x75064231, 0x76657262, 0x8c750d65, 0x8575205d, 0x7507215d, 0x0527be85, 0x6e697275, 0x84770667, 0x770b2155, 0x21096d41, 0x8a417709, 0x67772708, 0x65766172, 
    0x1c89790b, 0x84790621, 0x7a062112, 0x20058a41, 0x082c417a, 0x33227b84, 0x07853439, 0x85394121, 0x43422e07, 0x72657a08, 0x736f2e6f, 0x6e6f0766, 0x21078465, 0x0f847774, 
    0x68740924, 0x11846572, 0x6f660824, 0x1a837275, 0x69660823, 0x23118476, 0x78697307, 0x09211083, 0x20c68273, 0x2409846e, 0x68676965, 0x21248474, 0x4886696e, 0x74225984, 
    0x58830666, 0x57830682, 0x08667422, 0x74225685, 0x55840766, 0x54830783, 0x53831f82, 0x52851f82, 0x51850882, 0x50842082, 0x09667422, 0x64244f84, 0x086d6f6e, 0x08845183, 
    0x08835383, 0x55850a20, 0x09200a83, 0x09855784, 0x27845983, 0x27845b83, 0x0a845d85, 0x28845f85, 0x09846184, 0x6e236384, 0x84726d75, 0x83088463, 0x86088363, 0x850a8363, 
    0x83098563, 0x83278463, 0x85278463, 0x850a8463, 0x84288463, 0x82098463, 0x211784bd, 0xb5840c68, 0x73220b85, 0x4982660b, 0x0c200b86, 0x0c864284, 0x6e750727, 0x38303269, 
    0x20078630, 0x20078631, 0x20078632, 0x20078633, 0x20078634, 0x20078635, 0x20078636, 0x20078637, 0x20078638, 0x21078539, 0x07833037, 0x42303022, 0x07820f84, 0x07824f84, 
    0x37204f86, 0x37204f86, 0x37204f86, 0x37204f86, 0x37204f86, 0x37394f86, 0x65701639, 0x646f6972, 0x746e6563, 0x64657265, 0x636f6c2e, 0x5441436c, 0x28168509, 0x0866742e, 
    0x6d6d6f63, 0x22088561, 0x826e6f6c, 0x23df8208, 0x6f63696d, 0x09260c85, 0x6c637865, 0x16826d61, 0x75710b26, 0x69747365, 0x0b222284, 0x4e827361, 0x6b736922, 0x0d291782, 
    0x626d756e, 0x69737265, 0x253c8367, 0x616c7308, 0x16826873, 0x61620c24, 0x0c876b63, 0x85951b20, 0x61632e2a, 0x68096573, 0x65687079, 0x0d233b83, 0x82646e75, 0x6f632348, 
    0x40836572, 0x72617028, 0x656c6e65, 0x0c827466, 0x0c840d20, 0x67697223, 0x250d8368, 0x6172620c, 0x1a876563, 0x1a870c84, 0x0d830e20, 0x74656b22, 0x0f201c86, 0x1e870e86, 
    0x6f25c482, 0x62646574, 0x2453826c, 0x72754504, 0x056f416f, 0x07384125, 0x836e6563, 0x630b235a, 0x76827275, 0x82796321, 0x64092620, 0x616c6c6f, 0x20098272, 0x822a8307, 
    0x750a2707, 0x3032696e, 0x0a823841, 0x74730b28, 0x696c7265, 0x0b82676e, 0x85790621, 0x694435bf, 0x69736976, 0x6c536e6f, 0x08687361, 0x74706d65, 0x74657379, 0x2506ca41, 
    0x6c700735, 0x2d827375, 0x696d0823, 0x2708846e, 0x6c756d0b, 0x6c706974, 0x3b826b85, 0x83656421, 0x7165231e, 0x9f836175, 0x826e0b21, 0x240b86aa, 0x6572670a, 0x82708261, 
    0x6c07231f, 0x46837365, 0x12860f20, 0x0c202e87, 0x0c881783, 0x67876b83, 0x70610e26, 0x786f7270, 0x0d281b87, 0x69637361, 0x6c697469, 0x0e206e84, 0xa3440d84, 0x235d8205, 
    0x7265700a, 0x84060a41, 0x303322b7, 0x2f078638, 0x72670937, 0x63657661, 0x09626d6f, 0x74756361, 0x1b860984, 0x750b422b, 0x3330696e, 0x612e4330, 0x21ef856c, 0xb2423033, 
    0x86138205, 0x86362023, 0x09412107, 0x47837a84, 0x34201186, 0x31200785, 0x32203186, 0x32212986, 0x2b178537, 0x00003832, 0x01000100, 0x0f00ffff, 0x02220782, 0x0f820e00, 
    0x0382a220, 0x0200c226, 0x0d001800, 0x01200182, 0x15201982, 0x17221b82, 0x05822b00, 0x40002d22, 0x59220582, 0x05826a00, 0x74006c28, 0x79000100, 0x05828500, 0x9f009622, 
    0xa1220582, 0x0582c000, 0xc800c222, 0xca220582, 0x0582e100, 0xe800e322, 0xea220582, 0x0582f600, 0x0401f828, 0x06010100, 0x05820c01, 0x21010e22, 0x22280582, 0x02002301, 
    0x25012401, 0x28220b82, 0x05822801, 0x95019322, 0x9a220582, 0x05829a01, 0x82019f21, 0xb5012353, 0x0b82b501, 0xd701c826, 0x08000300, 0x10209582, 0x01209782, 0x3b833582, 
    0x82000121, 0xb7022151, 0x07835b82, 0xc184a020, 0x0c000022, 0x1420bf82, 0x01230b83, 0x82d601d5, 0x01022431, 0x82cc01c8, 0x01ce24e6, 0x820500d4, 0x8201201b, 0x000a3403, 
    0x00800056, 0x4c464402, 0x6c0e0054, 0x006e7461, 0x82320012, 0x002e2b17, 0x455a4107, 0x432e0020, 0x05825452, 0x5a414b22, 0x4d220582, 0x05824c4f, 0x4d4f5222, 0x54210582, 
    0x22178341, 0x824b5254, 0x0000250b, 0x0300ffff, 0x02345184, 0x656b0300, 0x14006e72, 0x6b72616d, 0x6b6d1a00, 0x22006b6d, 0x04821984, 0xb1828382, 0x25820882, 0x052cb182, 
    0xce0c0c00, 0xce1b2a1b, 0x0200141c, 0x0a28d384, 0x01004407, 0x0400e800, 0x4e082382, 0x0104076f, 0x070a07b8, 0x02e60110, 0x02520248, 0x0282027c, 0x07ba0290, 0x03e40216, 
    0x071c070e, 0x033c0326, 0x077c0352, 0x04da0334, 0x06620404, 0x048c0454, 0x066606a2, 0x04c4047c, 0x048606da, 0x06b406f0, 0x07c6062a, 0x07100704, 0x87540616, 0x7c062307, 
    0x0b897c06, 0x2582098c, 0x54211d82, 0x20018706, 0x834d8266, 0x82318203, 0x067c2217, 0x20018686, 0x835982b4, 0x06c62103, 0x43820184, 0x03840420, 0xad820a20, 0x10200383, 
    0x03837182, 0x85071621, 0x821c2001, 0x21af82ad, 0x01842607, 0x84073421, 0x24f18201, 0x000d0022, 0x32e9820f, 0x00140011, 0x00160003, 0x00070017, 0x00270019, 0x822a0009, 
    0x00182201, 0x2201822c, 0x82320019, 0x001a2201, 0x22018235, 0x8237001b, 0x001c3601, 0x003a0039, 0x003c001d, 0x001f003f, 0x005c0059, 0x005f0023, 0x22378261, 0x82630063, 
    0x00672c37, 0x002b0068, 0x006e006c, 0x8270002d, 0x00302201, 0x24018273, 0x00790031, 0x2249827b, 0x827d007d, 0x00802649, 0x00360080, 0x08018296, 0x98003758, 0x38009900, 
    0xa0009b00, 0xb5003a00, 0x4000b800, 0xc000bd00, 0xca004400, 0x4800cd00, 0xda00d300, 0xde004c00, 0x5400e100, 0xe600e300, 0xea005800, 0x5c00ed00, 0x04010101, 0x06016000, 
    0x64000c01, 0x1a011701, 0x0b006b00, 0xc8ff3a00, 0xb4ff3c00, 0xc0ff3f00, 0x0b82ca00, 0x0382cb20, 0x0382cc20, 0x0382cd20, 0x1382d720, 0x0382d820, 0x0382d920, 0x0382da20, 
    0x0f00182a, 0x1300f0ff, 0x1600e0ff, 0x1f2c0782, 0x2700e8ff, 0x3000d8ff, 0x5c00a6ff, 0x63200782, 0x70200382, 0x7d200382, 0x99200382, 0x9c200382, 0x9d200382, 0x9e200382, 
    0x9f200382, 0xa0200382, 0xe3200382, 0xe4203782, 0xe5200382, 0xe6280382, 0x0901f0ff, 0x0a01e8ff, 0x0b200382, 0x0c200382, 0x022a4f82, 0x92001600, 0x10002500, 0x99820a00, 
    0x9582e020, 0x9582b020, 0xcb00e022, 0xcc207382, 0xcd200382, 0xd7240382, 0xd800b0ff, 0xd9200382, 0xda200382, 0x01220382, 0x59821200, 0x05820320, 0x9782f020, 0x2500f822, 
    0x3d835b82, 0x3d82da20, 0x3d82be20, 0x3d82da20, 0xcc00da26, 0xcd00daff, 0xd7220382, 0x3d82beff, 0xd900be22, 0xda200782, 0x29830382, 0x2986ba20, 0x2982ba20, 0x2982ba20, 
    0x2982ba20, 0x9300ba21, 0x82822029, 0x82b82029, 0x82822053, 0x82822029, 0x82822029, 0x82822029, 0x82b82029, 0x82b82053, 0x00b82653, 0x00b8ffda, 0x20c5820b, 0x20bf829a, 
    0x202d827a, 0x202d82a6, 0x202d827a, 0x202d827a, 0x202d827a, 0x202d827a, 0x202d82a6, 0x202d82a6, 0x222d82a6, 0x820500a6, 0x82a02025, 0x82a02015, 0x82a02015, 0x82a02015, 
    0x84a02015, 0x829620ff, 0x829e2019, 0x8296203f, 0x8296203f, 0x8296203f, 0x8296203f, 0x829e2029, 0x829e2029, 0x829e2029, 0x009e2e29, 0xff130017, 0xff2700f8, 0xff3000d0, 
    0x207582a6, 0x2235829e, 0x825c0098, 0x8263200f, 0x82702003, 0x827d2003, 0x82992003, 0x829c2003, 0x829d2003, 0x829e2003, 0x829f2003, 0x82a02003, 0xffca2203, 0x205d829e, 
    0x205d829e, 0x205d829e, 0x205d829e, 0x205d8298, 0x205d8298, 0x205d8298, 0x20878498, 0x208786be, 0x202982be, 0x202982be, 0x202982be, 0x208798be, 0x208782e8, 0x208782d0, 
    0x203582ae, 0x268782c0, 0xff6300e8, 0x827000e8, 0x827d2003, 0x82992003, 0x829c2003, 0x829d2003, 0x829e2003, 0x829f2003, 0x82a02003, 0xffca2203, 0x205d82ae, 0x205d82ae, 
    0x205d82ae, 0x205d82ae, 0x208782c0, 0x208782c0, 0x208782c0, 0x208784c0, 0x225182e8, 0x82ca00be, 0x82cb202d, 0x82cc2003, 0x82cd2003, 0x0fa74103, 0x25820520, 0x9341b820, 
    0x00082e10, 0x00b0ff13, 0x00c0ff1d, 0x00c8ff22, 0x20078224, 0x2b038225, 0x00d0ff26, 0x0000003c, 0x00f0ff3e, 0xd8203783, 0xd8203782, 0xd8207782, 0xd8207782, 0xd8207782, 
    0xc8201584, 0xc8201582, 0xc8201582, 0xc8201582, 0xc8241582, 0x0d004e00, 0x0f204d82, 0x10200382, 0x11200382, 0x12220382, 0x6182a6ff, 0x1b009e22, 0xb4266584, 0xc0ff1e00, 
    0x0b821f00, 0x03822720, 0xe0ff2928, 0x66ff3000, 0x07823500, 0x0f825920, 0x03825a20, 0x03825b20, 0x03825c20, 0x03825f20, 0x03826020, 0x03826120, 0x03826320, 0x23826720, 
    0x03826820, 0x0b826c20, 0x03826d20, 0x03826e20, 0x03827020, 0x13827320, 0x07827920, 0x03827a20, 0x03827b20, 0x03827d20, 0x13828020, 0x07829620, 0x03829820, 0x03829920, 
    0x0f829b20, 0x07829c20, 0x03829d20, 0x03829e20, 0x03829f20, 0x0382a020, 0x1782a120, 0x0382a220, 0x0382a320, 0x0382a420, 0x0382bd20, 0x0382be20, 0x0382bf20, 0x0382c020, 
    0x2382de20, 0x0382df20, 0x0382e020, 0x0382e120, 0x0382e220, 0x0382e320, 0x0382e420, 0x0382e520, 0x0382e620, 0x0382e720, 0x0382e820, 0x0382e920, 0x0382ea20, 0x0382eb20, 
    0x0382ec20, 0xb0ffed24, 0x03820101, 0x03820220, 0x03820320, 0x03820420, 0xc0ff0624, 0x03820701, 0x03820820, 0x0f820920, 0x03820a20, 0x03820b20, 0x2f820c20, 0x35000a26, 
    0x6700d0ff, 0x68200382, 0x73200382, 0x80200382, 0x9b200382, 0xbd200382, 0xbe200382, 0xbf200382, 0xc0200382, 0x042e0382, 0xe8ff1200, 0xd8ff2200, 0xc0ff2500, 0x03823c00, 
    0x0d820520, 0x0d84d020, 0x10003022, 0x98261182, 0xd4fe7e01, 0x09820200, 0x3e00e022, 0x0b2a3182, 0x8eff1200, 0x5aff1300, 0x03821900, 0x03821a20, 0x03821c20, 0x03821d20, 
    0x6eff2226, 0x7eff2400, 0x5e2a3b82, 0x78ff2600, 0x66ff3000, 0x2d820400, 0x2005b341, 0x8397821d, 0x820f2011, 0x00762411, 0x825eff13, 0x005e223f, 0x2007821a, 0x2003821c, 
    0x2203821d, 0x82a0ff20, 0x8298207b, 0x828e2043, 0x827e2043, 0x005e2443, 0x82e0ff2e, 0x00362247, 0x20a18237, 0x209d8239, 0x21878201, 0x058300a0, 0x0584c020, 0x0584d020, 
    0x9f82b020, 0xf0ff1322, 0xa6222982, 0x5f820300, 0x3f82d820, 0xcd84e020, 0x13820120, 0x0200be24, 0x89823002, 0xee020024, 0xd3820604, 0x90001121, 0xa6ff2500, 0xc8ffc0ff, 
    0xe1821683, 0x03940683, 0x17948382, 0xff211485, 0x2043825e, 0x950b858e, 0x6aff2305, 0xe782b0ff, 0x15841c95, 0x0092ff25, 0x84b4ff00, 0x2504960a, 0x9cff88ff, 0x1c8366ff, 
    0xbb82a987, 0x0f844220, 0x5aff4a24, 0x09835aff, 0x0b820383, 0xc9ff3e2c, 0x56ff4aff, 0xb0ff0000, 0x1384b0ff, 0xa182b020, 0x0d860984, 0x8600a621, 0x66ff231b, 0xdd836eff, 
    0x5620c382, 0xc0200382, 0x1b821f83, 0x5eff5e24, 0x038298ff, 0x0f855e20, 0xa984058b, 0x198b4b88, 0x37820b87, 0x7effb822, 0x07830d87, 0x5786ff20, 0x03830b83, 0x00c8ff23, 
    0x05754100, 0x03930d83, 0x93ceff21, 0x20138215, 0x96038218, 0x7eff2102, 0x82051941, 0x85d020eb, 0xf8ff2171, 0x7b820182, 0x86b8ff21, 0x96ae2019, 0x2d16873a, 0x005d0001, 
    0x000f000d, 0x001b0011, 0xcf6c001e, 0x002c2c05, 0x00350032, 0x003a0036, 0x563f003d, 0x960808d7, 0x0060005f, 0x00630061, 0x00680067, 0x006d006c, 0x0070006e, 0x00790073, 
    0x007b007a, 0x0080007d, 0x00980096, 0x009b0099, 0x009d009c, 0x009f009e, 0x00b500a0, 0x00b700b6, 0x00bd00b8, 0x00bf00be, 0x00ca00c0, 0x00cc00cb, 0x00d300cd, 0x00d500d4, 
    0x00d700d6, 0x00d900d8, 0x00de00da, 0x00e000df, 0x00e300e1, 0x00e500e4, 0x00e700e6, 0x00eb00ea, 0x00ed00ec, 0x010101fa, 0x01030102, 0x01060104, 0x01080107, 0x010a0109, 
    0x010c010b, 0x01180117, 0x001a0119, 0x822e0002, 0x820d20bd, 0x000f2407, 0x8209000f, 0x001122c5, 0x24c98204, 0x0003001b, 0x2001821e, 0x24d1820c, 0x000a001f, 0x22018223, 
    0x822c000b, 0x820e2001, 0x003222db, 0x22df8205, 0x82010035, 0x823620e3, 0x823a2037, 0x820620e9, 0x003d22eb, 0x22ef8207, 0x8208003f, 0x005924f3, 0x825a0002, 0x00042201, 
    0x2201825b, 0x825f0003, 0x00022201, 0x22018260, 0x82610004, 0x00032401, 0x82680067, 0x006c2241, 0x2229826c, 0x826d006d, 0x006e2277, 0x2277826e, 0x82730073, 0x00792217, 
    0x22178279, 0x827a007a, 0x007b2217, 0x2217827b, 0x82800080, 0x00962217, 0x22178296, 0x82980098, 0x009b2211, 0x2211829b, 0x82b800b5, 0x00bd228f, 0x280b82c0, 0x00cd00ca, 
    0x00d30006, 0x228982d6, 0x82da00d7, 0x00de2289, 0x222f82e1, 0x82e600e3, 0x00e722dd, 0x22ed82e7, 0x82ed00ea, 0x00fa3c53, 0x010d00fa, 0x00040101, 0x01060103, 0x010c0008, 
    0x000c0109, 0x0117010a, 0x820b001a, 0x413e2031, 0x0e220617, 0x2d820e00, 0xe5820f20, 0x10000c22, 0x0f220182, 0x01821100, 0x14000722, 0x04240182, 0x18001700, 0x1b221d82, 
    0x81821b00, 0x1e001e22, 0x1f221f82, 0x39821f00, 0x21002122, 0x23228782, 0x3d822300, 0x27002722, 0x29229982, 0x8d822900, 0x35003522, 0x3a26b782, 0x09003a00, 0x01823d00, 
    0x3f000a22, 0x0b200182, 0x220a2f41, 0x825b0007, 0x00052201, 0x2201825c, 0x825e0001, 0x41062001, 0x07220a3b, 0x01826100, 0x62000522, 0x06220182, 0x01826300, 0x67000124, 
    0x53826800, 0x22094741, 0x826e0007, 0x00052201, 0x2201826f, 0x82700006, 0x00012201, 0x21018273, 0x53410003, 0x00072209, 0x2201827b, 0x827c0005, 0x00062201, 0x2201827d, 
    0x82800001, 0x00032101, 0x22095f41, 0x82990005, 0x00012201, 0x2401829b, 0x009c0003, 0x22c582a0, 0x82a400a1, 0x00bd22c5, 0x227182c0, 0x82cd00ca, 0x00d32ec5, 0x000a00d6, 
    0x00da00d7, 0x00de000b, 0x066b41e2, 0xe7000c2e, 0x0f00e900, 0xed00ea00, 0xf1000700, 0x2a080182, 0x00f80004, 0x010400fc, 0x00040101, 0x01060105, 0x01100008, 0x000c0109, 
    0x0112010d, 0x01060016, 0x001a0117, 0x0004000e, 0x82010000, 0x00012461, 0x8216000c, 0x009e220d, 0x245182ec, 0x01c80101, 0x201982d7, 0x22138202, 0x820d000d, 0x000f2109, 
    0x3207454e, 0x002d0008, 0x001d0040, 0x006a0059, 0x006c0031, 0x82430074, 0x008526e7, 0x0096004c, 0x2015829f, 0x32ab82a1, 0x00c20063, 0x008300c8, 0x00e100ca, 0x00e3008a, 
    0x82a200e8, 0x00f62499, 0x82f800a8, 0x82b5208d, 0x0c32088d, 0x0e01c200, 0xc9002101, 0x25012401, 0x2801dd00, 0xdf002801, 0x95019301, 0x9a01e000, 0xe3009a01, 0x9f019f01, 
    0xb501e400, 0xe500b501, 0x00001000, 0x0382f80e, 0x0000fe24, 0x0382040f, 0x03820a20, 0xb7821020, 0x07824220, 0x03821620, 0x03821c20, 0x03822220, 0x03822820, 0x03822e20, 
    0x03823420, 0x02003a24, 0x0382820e, 0x0300882a, 0x01004800, 0x72053401, 0x9a3a0582, 0xe600e1ff, 0x0000ea0c, 0xf60cf00c, 0x0000380d, 0x00003e0d, 0x460b400b, 0x07824c0b, 
    0x03826420, 0x700b6a24, 0x1782f40d, 0x0000fa24, 0x0f823207, 0x03828820, 0x03828e20, 0x0b211382, 0x240782a0, 0x0bac0ba6, 0x821b82b2, 0xca0b253b, 0xd60bd00b, 0x43820b82, 
    0x82440721, 0x85ee201b, 0xfc0c2927, 0x080d020d, 0x4a070e0d, 0x50201b82, 0x07860382, 0x001e0c25, 0x82180c00, 0x82422003, 0x82362003, 0x0c5a2403, 0x824e0c60, 0x0c7e2c07, 
    0x0d900c8a, 0x00560762, 0x825c0700, 0x82622003, 0x00ae2313, 0x63820d00, 0x82680721, 0x826e200f, 0x82cc200f, 0x82742007, 0x00e42307, 0x13820a00, 0x09000925, 0x827a0706, 
    0x00802313, 0x53820900, 0x822a0921, 0x82362007, 0x823c2003, 0x82542003, 0x095a2403, 0x826c0960, 0x827e2007, 0x82842003, 0x828a2003, 0x829c2003, 0x09d6249f, 0x828607a2, 
    0x828c2037, 0x82a8200f, 0x82922007, 0x09c02307, 0x5f8309c6, 0x0f829820, 0x0f829e20, 0x09216382, 0x280782ea, 0x0a080a36, 0x07fc090e, 0x241782a4, 0x0a0000aa, 0x20078202, 
    0x820782b0, 0x3e0a21eb, 0x87820782, 0xaf820a20, 0x4f820a20, 0x8b820a20, 0x0aa40a29, 0x0ab60ab0, 0x82b607bc, 0x82bc2027, 0x82c22003, 0x82da2023, 0x82c82007, 0x82ce2003, 
    0x82d42003, 0x82f8200f, 0x21138207, 0x0782100b, 0xcf82e020, 0xf60cf024, 0x7741e607, 0xec072105, 0x20063741, 0x837b82f2, 0x202b82df, 0x21c78209, 0x1f41fe07, 0x04082105, 
    0x08212f85, 0x212f850a, 0x2f851008, 0x85160821, 0x500a211f, 0x08213785, 0x8207821c, 0x22082137, 0x0821ef85, 0x20078628, 0x21cf852e, 0x07863408, 0xaf853a20, 0x86400821, 
    0x86462007, 0x864c205f, 0x8652205f, 0x8558205f, 0x5e08215f, 0x64205f86, 0x6a205f86, 0x70205786, 0x76204f86, 0x7c204786, 0x82204786, 0x88204786, 0x8e204786, 0x94204786, 
    0x9a204786, 0xa0204786, 0xa6204786, 0xac204786, 0xb2204786, 0x21056f42, 0x0786b808, 0x0786be20, 0x0786c420, 0x6786ca20, 0x7742d020, 0xd6082105, 0xdc206786, 0xe2205f86, 
    0xea240782, 0xe8080000, 0xee205786, 0xf4201786, 0x47420785, 0xfa082107, 0x09210f85, 0x2007820c, 0x2003822a, 0x20078612, 0x20078218, 0x2003821e, 0x200f8624, 0x065f4230, 
    0x87076742, 0x85422007, 0x480921c7, 0x4e200786, 0x87420786, 0x42662007, 0x6c200687, 0x72200782, 0x78200382, 0x200d9742, 0x23008400, 0x9009a209, 0x21050741, 0x07869609, 
    0x2106af42, 0x2f82a809, 0x0382ae20, 0xa742b420, 0x42092005, 0x078406af, 0xbf42ba20, 0xd2092109, 0x0921ef85, 0x200786d8, 0x200782e4, 0x0acf42de, 0x0741f020, 0xf6092105, 
    0x0a210785, 0x2f078302, 0x1a0a140a, 0x260a200a, 0x320a2c0a, 0x3e0a0000, 0x38200382, 0x07830382, 0x07824420, 0x03824a20, 0x03825020, 0x03825c20, 0x07865620, 0x07826820, 
    0x03826220, 0x6e200783, 0xff420782, 0x82742007, 0x867a200b, 0x8680200f, 0x828c2007, 0x41922007, 0x0a2105cf, 0x20078698, 0x4307869e, 0x0a21062f, 0x430f86aa, 0x0a21062f, 
    0x053743c8, 0x86ce0a21, 0x86d42007, 0x82e02007, 0x82f82007, 0x86e62003, 0x86ec2007, 0x86f22007, 0x00fe2407, 0x82100b00, 0x82042003, 0x20078303, 0x2007860a, 0x05274216, 
    0x851c0b21, 0x07ff4407, 0x85220b21, 0x280b220f, 0x05074500, 0x07852e20, 0xff820d20, 0x00340b25, 0x453a0b00, 0x00200d1f, 0x0b250082, 0x0b00004c, 0x05d74252, 0x86580b21, 
    0x865e2007, 0x063f4507, 0x45760b21, 0x7c200637, 0x82200786, 0x20164745, 0x05c7429a, 0x86940b21, 0x450f8707, 0x0b210a67, 0x201b82b8, 0x056745be, 0x84076f45, 0x82c42007, 
    0x067f4517, 0x42dc0b21, 0x0b2105ff, 0x200786e2, 0x200782ee, 0x098f45e8, 0x43fa0b21, 0x0c210517, 0x45078600, 0xfd82069f, 0xd2820620, 0x0c0c0023, 0x05974500, 0x07861220, 
    0x07821e20, 0x03822420, 0xa7452a20, 0x86302006, 0x82422007, 0x453c2007, 0x482006bf, 0x450abf45, 0x078307c7, 0x17865420, 0x07826620, 0xef436c20, 0x720c2105, 0x78200786, 
    0xef450786, 0x840c2106, 0x96200f86, 0x2105ef45, 0x07869c0c, 0x0786a220, 0x0786a820, 0xff45b420, 0xba0c2105, 0xc0200786, 0xc6200786, 0xd2200786, 0x21051746, 0x0786d80c, 
    0x0786de20, 0x4606e746, 0x0d2d078f, 0x0d560d50, 0x0d620d5c, 0x0d000014, 0x2003821a, 0x20038220, 0x20038226, 0x2003822c, 0x20038232, 0x05ef4138, 0x82440d21, 0x824a2007, 
    0x252f8603, 0x47020100, 0x0582cc03, 0x00005026, 0xb5030100, 0x03210b83, 0x210b83b5, 0x17846202, 0x0b846220, 0x0b840820, 0x0b840820, 0x0b84f620, 0x0b832a20, 0x83f80121, 
    0xef01210b, 0x88261184, 0x01001205, 0x17838802, 0x83630221, 0xbc01210b, 0x8e200b84, 0x03210583, 0x2111836b, 0x11846b03, 0x29844520, 0x0b844520, 0x0584ae20, 0x11845b20, 
    0x29845b20, 0x1a05af26, 0xac020100, 0xac201184, 0x02211183, 0x200b844b, 0x26058490, 0x00f80444, 0x840e0201, 0x84322005, 0x06792205, 0x2011823e, 0x20058445, 0x2211847e, 
    0x82ef0449, 0x84132011, 0x84372005, 0x84832005, 0x064a2605, 0x01010035, 0x2129832b, 0x0b833001, 0x84aa0221, 0x84af2035, 0x84ad200b, 0x84b2200b, 0x0548220b, 0x20418277, 
    0x20058412, 0x20058436, 0x22058483, 0x82bd067e, 0x834a2017, 0x83418205, 0x84ae200b, 0x84b22011, 0x04492205, 0x8377848a, 0x84372005, 0x8483200b, 0x057e2205, 0x201782cf, 
    0x2105834a, 0x0b843001, 0x0584af20, 0x1184b220, 0xb3833f20, 0x83440121, 0x430121a1, 0x0b826583, 0x49224183, 0x3582d904, 0xe0047d22, 0x37200582, 0x7e220b84, 0x0b821f06, 
    0x0584cd20, 0x0584af20, 0x5c077e22, 0x7e221182, 0x05828507, 0x3c047f22, 0x71280582, 0x01000000, 0x0a006604, 0x86200b82, 0x8622cb84, 0x0b830c06, 0x82120521, 0xfe942205, 
    0x2205823f, 0x82f50687, 0x839e2005, 0xaf022129, 0xaf201d84, 0xaf201d84, 0x4a201184, 0x4c201184, 0x4a202384, 0x4a205984, 0x4a201d84, 0x03211d83, 0x20598496, 0x207784a5, 
    0x261784a5, 0x0097fea5, 0x84a70201, 0x83a5202f, 0xc2022123, 0xc2201784, 0x01210b83, 0x21178332, 0x47833001, 0x8382fb82, 0x84620121, 0x848e2041, 0x848e2023, 0x8309203b, 
    0xee0121a7, 0x17830b85, 0x83990321, 0xee012105, 0xcd204d84, 0xcd20c584, 0xcd209584, 0xcd202384, 0xcd203b84, 0xc2261d84, 0x01003d06, 0x5f83af02, 0x84cd0421, 0x83ae2059, 
    0x4105211d, 0xab202384, 0x04212383, 0x201784cc, 0x20118319, 0x20e98504, 0x20178419, 0x2017843b, 0x205f8484, 0x205f8484, 0x21178384, 0x3b848402, 0x6b848420, 0x1d847e20, 
    0x1d847e20, 0x1d848520, 0x3ffe7a26, 0x7e020100, 0x85202384, 0x14202384, 0x01291d83, 0x000900db, 0xfed10101, 0x201d8248, 0x22bf8414, 0x82a0fedb, 0x07b2220b, 0x2005825c, 
    0x20a784c6, 0x21a783b2, 0x3b84b202, 0x3c04b326, 0x50050100, 0xb2200b84, 0x03215983, 0x218f833a, 0x2983af03, 0xc5260582, 0xaf030100, 0x0582d805, 0x4606aa22, 0xb3200582, 
    0x02212383, 0x288f844b, 0x00bd064b, 0x054b0201, 0x220582cf, 0x823e0646, 0x844b2005, 0x8490201d, 0x8490201d, 0x069126ad, 0x020100f5, 0x27178475, 0x00160649, 0x06490201, 
    0x4a22b983, 0x0b82f602, 0xef042a22, 0xc6200584, 0x1e220582, 0x058241fe, 0xaf052b22, 0x66280582, 0x01005005, 0x7205dd04, 0x3b840b83, 0x83041321, 0x84142023, 0x8413201d, 
    0x03132641, 0x020100cc, 0x201d8413, 0x21b38353, 0x5f844702, 0x2f054726, 0x48020100, 0x47222984, 0x0b8208fe, 0x2a077026, 0x44010100, 0x01213583, 0x21178345, 0x3b834401, 
    0x83490121, 0x7601213b, 0x50203b84, 0x02292383, 0x0097fe50, 0x06300101, 0x8505839a, 0x7705210b, 0x71204182, 0x01218983, 0x222f8330, 0x83047d02, 0x047d26b9, 0x020100cd, 
    0x23238370, 0xd3037d02, 0x1d840b83, 0xf7044a26, 0x37020100, 0x04216b83, 0x20658428, 0x21e383e0, 0xbf84e001, 0x04000022, 0xe0205982, 0x0021b984, 0x216582fe, 0x1d831002, 
    0xdd830582, 0x01001622, 0x0b223b82, 0x058240fe, 0x23841020, 0x98fe1622, 0xbf222f82, 0x05820600, 0x45feb522, 0x87220582, 0x1d828d04, 0xac05a322, 0xbf220b82, 0x0b829dfe, 
    0xf5848320, 0x77849720, 0x77838320, 0x84830221, 0x0284213b, 0x0421a782, 0x200b84d2, 0x209b8473, 0x216b84f6, 0xd18305f5, 0x8a04f628, 0xf1020100, 0x0582f804, 0x1d83f620, 
    0x84f80121, 0x83f820a7, 0x820b821d, 0xf301211d, 0x01211d83, 0x201d84f8, 0x201d84ef, 0x27c583ef, 0xaf05f101, 0xef010100, 0x02211783, 0x205f8449, 0x240b8349, 0x0a00af03, 
    0x83fb8200, 0x58042111, 0x37201784, 0x02211783, 0x27178479, 0x001404be, 0x01cc0201, 0xce21e383, 0x23d18204, 0x2301ce02, 0x0a224782, 0xf7825606, 0xd203ed22, 0x2a201d82, 
    0x28223584, 0x0b820200, 0x0b847120, 0x0b837020, 0x031d0123, 0x221182e9, 0x82e4035d, 0xfe1d242f, 0x82010072, 0x000a210f, 0x2005ad5b, 0x223d8208, 0x821c000c, 0x00242227, 
    0x0ccf5b5e, 0x2182d620, 0x0b5c0120, 0x000e2406, 0x82160100, 0x821c2003, 0x82222003, 0x82282003, 0x822e2003, 0x82342003, 0x823a2003, 0x82402003, 0x82462003, 0x824c2003, 
    0x82522003, 0x82582003, 0x82a02055, 0x82a62003, 0x84062051, 0x0020225d, 0x24c78226, 0x04010010, 0x82e18423, 0x241b8241, 0x0010000a, 0x211f8216, 0x65420101, 0x83702005, 
    0x100427f1, 0x01007705, 0x0b821004, 0x1f820620, 0x37820120, 0x00215282, 0x2401820c, 0x00140001, 0x2057822a, 0x067d5c02, 0x1b840020, 0x00215582, 0x222d82fa, 0x82280101, 
    0x00022205, 0x28298406, 0x0097fefa, 0xfe1e0101, 0x830f823f, 0x820a2021, 0x86012037, 0x001c2245, 0x22eb8c96, 0x820500d4, 0x00002219, 0x203f8232, 0x20038238, 0x2003823e, 
    0x20038244, 0x2003824a, 0x20038250, 0x20038256, 0x2003825c, 0x20038262, 0x20038268, 0x2003826e, 0x205d8274, 0x21cb83ab, 0x0583fb00, 0x84690121, 0x03102205, 0x201782cf, 
    0x220b8432, 0x82d403c3, 0x84bb200b, 0x849a200b, 0x044b2205, 0x261182af, 0x00d10388, 0x845d0201, 0x82f8203b, 0x000c2805, 0x0020001a, 0x822c0026, 0x00382c7f, 0x0044003e, 
    0x0050004a, 0x825c0056, 0x04ab222b, 0x21b7828a, 0x378305fd, 0xf8046422, 0x10221182, 0x0582f204, 0xf7044622, 0xc2220582, 0x05827f05, 0xc604bb22, 0x9a220582, 0x05821606, 
    0xd8034c22, 0x88220582, 0x6183de04, 0x823f0621, 0x05f8223b, 0x20ad822f, 0x24038201, 0x01de000a, 0x0c975dc4, 0x04003622, 0x00241782, 0x0f00ffff, 0x01220782, 0x0f820200, 
    0x0600052e, 0x0a000700, 0x0c000b00, 0x0e000d00, 0x10231982, 0x5d001100, 0x782907bb, 0x20545243, 0x414b7800, 0x2805825a, 0x204c4f4d, 0x4f525200, 0x2105824d, 0x17834154, 
    0x4b525422, 0x00201782, 0x03205189, 0x23835198, 0x758e1020, 0x77900920, 0x08202593, 0x12322590, 0x746c6161, 0x61636e00, 0x76006573, 0x706d6363, 0x05847c00, 0x6e64843e, 
    0x8e006d6f, 0x63617266, 0x696c9400, 0x9e006167, 0x6d756e6c, 0x6f6ca400, 0xaa006c63, 0xb0200584, 0x72231082, 0x826fb600, 0xbc002806, 0x6e64726f, 0x8370c200, 0x73c8330b, 
    0x00666e69, 0x627573ce, 0x73d40073, 0x00737075, 0x178374da, 0xb382e020, 0xb7840220, 0x01000024, 0x0d841700, 0x05000222, 0x03210782, 0x43078300, 0x0c200557, 0x3f410f84, 
    0x20278305, 0x220f8218, 0x84130001, 0x84062005, 0x84072005, 0x840b2005, 0x84162005, 0x84112005, 0x84142005, 0x84092005, 0x84082005, 0x840a2005, 0x00153405, 0x01340019, 
    0x021a026c, 0x02ba02a0, 0x03fc02d6, 0x822a0310, 0x03382601, 0x03460368, 0x34058254, 0x03b40376, 0x050a04cc, 0x042c042a, 0x05120590, 0x0042052a, 0x203b8401, 0x2a998208, 
    0x015400ae, 0x01f30024, 0x82240125, 0x01b83d03, 0x01bc01b9, 0x01a401a1, 0x01be01bf, 0x01c60152, 0x00c401c5, 0x01cd00c8, 0x0011010c, 0x9213996c, 0x3e012713, 0x40013f01, 
    0x096b4101, 0x019f2c0c, 0x01a201a0, 0x01a501a3, 0x829b019a, 0x019c2e73, 0x0156009d, 0x01ba019e, 0x01bd01bb, 0x05dd69c0, 0x0047002f, 0x01a70148, 0x014900a8, 0x008700a9, 
    0x074b6a86, 0x00950025, 0x828c0091, 0x001522ad, 0x2201820d, 0x82150000, 0x00012201, 0x2201821b, 0x82270002, 0x00032201, 0x20018235, 0x243f8204, 0x00050049, 0x22018254, 
    0x82560008, 0x00092201, 0x22478286, 0x828b000a, 0x820c203d, 0x00912243, 0x244b820e, 0x000f0095, 0x220182c7, 0x82cc0010, 0x01113801, 0x000b010b, 0x01100112, 0x01130010, 
    0x003d012a, 0x01480114, 0x82280051, 0x00a522a9, 0x2a8f8232, 0x013e00ad, 0x00c601b8, 0x41030045, 0x013a0637, 0x0a00ac03, 0x28001a00, 0x44003600, 0x60005200, 0x7c006e00, 
    0x98008a00, 0x41820600, 0x3e013422, 0x5a224182, 0x0d826401, 0x35012b2a, 0x49013f01, 0x65015b01, 0x2c2a0d82, 0x40013601, 0x5c014a01, 0x0d826601, 0x37012d2a, 0x4b014101, 
    0x67015d01, 0x2e2a0d82, 0x42013801, 0x5e014c01, 0x0d826801, 0x39012f2a, 0x4d014301, 0x69015f01, 0x302a0d82, 0x44013a01, 0x60014e01, 0x0d826a01, 0x3b01312a, 0x4f014501, 
    0x6b016101, 0x322a0d82, 0x46013c01, 0x62015001, 0x0d826c01, 0x3d01332c, 0x51014701, 0x6d016301, 0xe5410600, 0x00122608, 0x0020001c, 0x26bf8230, 0x00480046, 0x8201006c, 
    0x00152a09, 0x00f50016, 0x00000002, 0x83018202, 0x8201200d, 0x2c11830f, 0x01030002, 0x00cc01c8, 0x01ce0101, 0x220582d4, 0x86d701d6, 0x00062227, 0x212f8214, 0x01850001, 
    0x45820020, 0x0b820020, 0x11833f83, 0x01220f83, 0x218c0400, 0x6b420420, 0x820a200a, 0x00f22245, 0x833184f7, 0x5402206f, 0x082408c7, 0x0e000100, 0x7f835584, 0x6f86f220, 
    0x83000121, 0x820a2017, 0x62122035, 0x02240a81, 0x15001200, 0x00201388, 0x22060955, 0x84de0006, 0x8815203f, 0x8201206f, 0x820120ff, 0x0004280d, 0x01cc00c7, 0x8910010b, 
    0xee012119, 0xe0220d8c, 0x1b8a1a01, 0xf400d222, 0xc720438c, 0x8b205784, 0x01231389, 0x82fe00b0, 0x8200205b, 0x000a2483, 0x82030022, 0x82122019, 0x84422003, 0x000028cd, 
    0x00010010, 0x88520101, 0x882a2017, 0x82022017, 0x013e2217, 0x08254447, 0x0622dd83, 0x4782f6ff, 0x48010124, 0x17825101, 0x03820620, 0x0a000226, 0x03002400, 0x4a202b82, 
    0x00205984, 0x12207984, 0x02240582, 0x27000d00, 0x30201984, 0x1b221990, 0xa1883500, 0x0e000226, 0x24010400, 0x8205d343, 0x82042015, 0x821b2037, 0x22218b39, 0x43200046, 
    0x9d4313cf, 0x208f430d, 0x34010324, 0xa0823d01, 0xa5019f2a, 0xb8010a00, 0x1100c601, 0x6382858a, 0xb9221382, 0x2582bc01, 0x2406416f, 0x3a013901, 0x05336f01, 0x25076544, 
    0x01c501c6, 0x1f4401c4, 0x0d114409, 0x08000222, 0x54248582, 0x56000000, 0x0e280182, 0x87008600, 0x8c000f00, 0x11220182, 0x01829100, 0x95001222, 0x13200182, 0x9e28b782, 
    0xa7011400, 0x1900ad01, 0x220cbd41, 0x820200e0, 0x004a220f, 0x0e754153, 0x17832020, 0x012a0123, 0x20178233, 0x20638204, 0x21038401, 0x0783001a, 0x06000226, 0x22010c00, 
    0x15222182, 0x05822301, 0x15821820, 0x12000122, 0x01202982, 0x00221f86, 0x17821400, 0x24000029, 0x67770200, 0x82017468, 0x7469251a, 0x08016c61, 0x04221f82, 0x81841000, 
    0x06010024, 0x1882bc02, 0x0d820320, 0x0901022a, 0x00000000, 0x00000100, 0x2b3dfa05, 0x0000cfbf, 
};

